Donem,odeme_H_to_K,odeme_F_to_K,odeme_B_to_K,odeme_D_to_K,odeme_K_to_H,odeme_K_to_F,odeme_K_to_B,odeme_K_to_D,ic_faiz,dis_faiz,faiz_disi_denge_butce,butce_dengesi,net_H_to_K,net_F_to_K,net_B_to_K,net_D_to_K
2015-Q1,65254105.0,47926594.0,0.0,0.0,40273266.54365184,22479441.12758293,6494942.451044048,10940457.877721177,14163139.0,3928239.0,12658154.0,-5433224.0,24980838.45634816,25447152.87241707,-6494942.451044048,-10940457.877721177
2015-Q2,64962908.0,59321708.0,0.0,0.0,41134009.823203996,26212826.770760816,4819693.453357136,6543625.9526780555,10209286.0,1415112.0,17861535.0,6237137.0,23828898.176796004,33108881.229239184,-4819693.453357136,-6543625.9526780555
2015-Q3,73419367.0,43304141.0,0.0,0.0,38886129.145841435,29476022.228411503,5488261.33041588,9076177.295331184,11465714.0,3583735.0,783701.0,-14265748.0,34533237.854158565,13828118.771588497,-5488261.33041588,-9076177.295331184
2015-Q4,73111568.0,55479509.0,0.0,0.0,38896727.615114085,53132428.5270341,3407439.628681935,4835764.229169876,6862915.0,1376099.0,-1824344.0,-10063358.0,34214840.384885915,2347080.4729659036,-3407439.628681935,-4835764.229169876
2016-Q1,73827392.5,57886276.5,0.0,0.0,47242206.97275905,17522516.75118925,5825345.792166147,10147031.483885549,12187863.0,4278293.0,16512473.0,46317.0,26585185.527240947,40363759.74881075,-5825345.792166147,-10147031.483885549
2016-Q2,72698243.0,70589024.0,0.0,0.0,50120398.336058095,32606654.875873335,3672211.8187092524,6474920.969359318,7535730.0,2387926.0,11026324.0,1102668.0,22577844.663941905,37982369.124126665,-3672211.8187092524,-6474920.969359318
2016-Q3,79993690.5,49490437.5,0.0,0.0,43521731.179386124,30662698.658546254,5889283.239276491,8934579.92279113,12270674.0,3017314.0,2103343.0,-13184645.0,36471959.320613876,18827738.841453746,-5889283.239276491,-8934579.92279113
2016-Q4,87642423.0,62012015.0,0.0,0.0,46589679.34229861,62229901.940733135,3267045.8067695615,5293442.910198694,6919737.0,1649000.0,-9327532.0,-17896269.0,41052743.65770139,-217886.94073313475,-3267045.8067695615,-5293442.910198694
2017-Q1,80055037.0,64679690.0,0.0,0.0,53592987.665281296,21940968.1268894,6427249.058663556,12293242.149165746,13726387.0,5098034.0,3902301.0,-14922120.0,26462049.334718704,42738721.8731106,-6427249.058663556,-12293242.149165746
2017-Q2,80106289.5,74358703.5,0.0,0.0,52962228.189319156,39635609.49651707,2903837.4961329666,5725319.818030812,5909554.0,2256349.0,-2147425.0,-10313328.0,27144061.310680844,34723094.00348293,-2903837.4961329666,-5725319.818030812
2017-Q3,95359657.5,62048129.5,0.0,0.0,49937706.95116627,38801336.462075725,7095083.070951403,12212371.515806606,14855817.0,4731151.0,13209237.0,-6377731.0,45421950.54883373,23246793.037924275,-7095083.070951403,-12212371.515806606
2017-Q4,97813448.0,75928111.0,0.0,0.0,51404815.58886936,68980076.24322416,3485784.6134935645,6859578.554412914,7668039.0,2466472.0,-5625561.0,-15760072.0,46408632.41113064,6948034.756775841,-3485784.6134935645,-6859578.554412914
2018-Q1,94469623.5,72966862.5,0.0,0.0,64432818.2018651,36697898.48410462,7734589.479502328,14148827.834527962,16930119.0,5347180.0,1854664.0,-20422635.0,30036805.2981349,36268964.01589538,-7734589.479502328,-14148827.834527962
2018-Q2,93088061.5,93076142.5,0.0,0.0,67892426.76906529,54141886.6749288,3704058.8679373725,8166286.688068528,8476389.0,3053706.0,-14137791.0,-25667886.0,25195634.73093471,38934255.8250712,-3704058.8679373725,-8166286.688068528
2018-Q3,103507515.0,89709813.0,0.0,0.0,60356860.38987999,41559297.552981056,8065480.792494076,17890366.264644876,19464213.0,7147184.0,15976070.0,-10635327.0,43150654.61012001,48150515.447018944,-8065480.792494076,-17890366.264644876
2018-Q4,94124541.5,116891751.5,0.0,0.0,65159602.28394204,75364949.01979107,3890093.885521611,9730953.810745278,9671719.0,3870702.0,-2346940.0,-15889361.0,28964939.216057964,41526802.48020893,-3890093.885521611,-9730953.810745278
2019-Q1,97518282.0,120764376.0,0.0,0.0,85909464.22398601,50145539.783314414,11409057.90562345,21763160.087076116,25948903.0,7414728.0,-2796819.0,-36160450.0,11608817.776013985,70618836.2166856,-11409057.90562345,-21763160.087076116
2019-Q2,97990080.0,86711225.0,0.0,0.0,79372446.41413589,39097618.92821795,5191627.401308589,12011110.256337581,12330480.0,5049763.0,-25042263.0,-42422506.0,18617633.58586411,47613606.07178205,-5191627.401308589,-12011110.256337581
2019-Q3,117794337.0,133029407.0,0.0,0.0,78356363.05777387,50031568.86000788,11355129.795844512,18635108.28637373,23958286.0,6785381.0,23508255.0,-7235412.0,39437973.94222613,82997838.13999212,-11355129.795844512,-18635108.28637373
2019-Q4,117427461.5,104561045.5,0.0,0.0,76845256.51954292,78090847.89343983,6816664.981479841,11269710.605537415,13485988.0,4966111.0,-19422752.0,-37874851.0,40582204.98045708,26470197.60656017,-6816664.981479841,-11269710.605537415
2020-Q1,106594653.0,149154291.0,0.0,0.0,102082170.55308005,48268394.59878589,16210169.645437479,21255880.202696584,29859175.0,8388870.0,8667442.0,-29580603.0,4512482.446919948,100885896.40121411,-16210169.645437479,-21255880.202696584
2020-Q2,94441845.0,105220476.0,0.0,0.0,89981785.83222944,43378634.8958505,14570183.147077987,17282306.124842077,26095208.0,6913758.0,-46860813.0,-79869779.0,4460059.167770565,61841841.1041495,-14570183.147077987,-17282306.124842077
2020-Q3,155591851.5,118418644.5,0.0,0.0,91123191.09567526,52240025.77637572,16059805.73488296,19423494.393066064,27067692.0,9499151.0,5426223.0,-31140620.0,64468660.40432474,66178618.72362428,-16059805.73488296,-19423494.393066064
2020-Q4,160167013.5,139904529.5,0.0,0.0,89896796.1156048,105795320.95419155,11936865.685340032,14338243.244863622,19592854.0,6545601.0,-6013708.0,-32152163.0,70270217.3843952,34109208.54580845,-11936865.685340032,-14338243.244863622
2021-Q1,147612371.5,196503036.5,0.0,0.0,114635134.06116141,40460452.35669584,22664835.608504385,24489333.973638356,38041682.0,10886107.0,71707528.0,22779739.0,32977237.438838586,156042584.14330417,-22664835.608504385,-24489333.973638356
2021-Q2,138837596.0,147867804.0,0.0,0.0,112850281.3828455,63028485.82398241,20042661.056020502,20496826.73715159,33984782.0,7957549.0,-13376920.0,-55319251.0,25987314.617154494,84839318.17601758,-20042661.056020502,-20496826.73715159
2021-Q3,179910440.5,179825461.5,0.0,0.0,113410380.40343066,84853592.04905432,23629055.22572212,26258961.321792897,40063209.0,11339470.0,22849184.0,-28553495.0,66500060.096569344,94971869.45094568,-23629055.22572212,-26258961.321792897
2021-Q4,187372344.0,229469659.0,0.0,0.0,118931452.2354486,246419764.93509406,16888742.310410492,22482170.519046858,28484616.0,10094855.0,-92571204.0,-131150675.0,68440891.7645514,-16950105.93509406,-16888742.310410492,-22482170.519046858
2022-Q1,211302526.0,391221590.0,0.0,0.0,177604136.1476176,125435444.94588608,38583379.797952436,43911355.1085439,63549621.0,21289244.0,115647780.0,30808915.0,33698389.85238239,265786145.05411392,-38583379.797952436,-43911355.1085439
2022-Q2,243351361.0,419534999.0,0.0,0.0,191574736.3391753,149018776.2395239,22813677.121376045,27377041.29992475,34816010.0,14998797.0,112565576.0,62750769.0,51776624.66082469,270516222.7604761,-22813677.121376045,-27377041.29992475
2022-Q3,308191839.5,401657831.5,0.0,0.0,275354656.65968007,240690423.521476,31835491.61486615,40605978.203977756,45842916.0,26613935.0,-66602588.0,-139059439.0,32837182.84031993,160967407.978524,-31835491.61486615,-40605978.203977756
2022-Q4,361872879.0,465222183.0,0.0,0.0,246807262.96928796,330155550.55006844,62141111.4303704,38897285.05027318,87129812.0,16662865.0,10227247.0,-93565430.0,115065616.03071204,135066632.44993156,-62141111.4303704,-38897285.05027318
2023-Q1,396784219.76000005,397943447.29,0.0,0.0,393258079.27647567,232387963.6321334,51756823.96526933,47833149.886121616,71892218.57000001,28765357.409999996,-149367442.89999998,-250025018.96000004,3526140.483524382,165555483.65786663,-51756823.96526933,-47833149.886121616
2023-Q2,451608015.975,634013405.295,0.0,0.0,385826689.727016,289716017.62025756,112895272.5749245,56900211.30780199,153994613.39999998,20591352.48,-58616652.359999895,-233202618.3399999,65781326.24798405,344297387.6747424,-112895272.5749245,-56900211.30780199
2023-Q3,822983831.56,736650230.0699999,0.0,0.0,512161897.86548096,407282308.61243033,98866895.45581143,92873737.35627726,141896847.64999998,53723474.760000005,166245948.4699998,-29374374.02000022,310821933.694519,329367921.4575696,-98866895.45581143,-92873737.35627726
2023-Q4,836946010.05,933558707.35,0.0,0.0,481896410.70138866,1366702481.164273,123588143.74124719,75186524.59309113,176383190.19,27367478.57,-658614963.1000001,-862365631.9300001,355049599.3486113,-433143773.814273,-123588143.74124719,-75186524.59309113
2024-Q1,922880339.395,714317807.2750001,0.0,0.0,831360598.9085565,398369019.6407563,125283349.07644834,120389055.96423903,184290381.00000003,66186029.94,-263005642.23000002,-513482053.24000025,91519740.48644352,315948787.6342438,-125283349.07644834,-120389055.96423903
2024-Q2,1015495745.815,1178671401.165,0.0,0.0,799499082.1914133,485792372.0304795,198745799.35401604,117087223.07409117,291603874.09000003,32343255.32,90245861.75,-233701267.75,215996663.62358677,692879029.1345205,-198745799.35401604,-117087223.07409117
2024-Q3,1268298945.39,984954550.5900002,0.0,0.0,836920138.7936152,650655002.748473,174261740.23092493,152417808.0269866,271369041.67,66893280.629999995,11427619.899999619,-326834702.49000025,431378806.5963849,334299547.8415271,-174261740.23092493,-152417808.0269866
2024-Q4,1464899082.64,1121345435.53,0.0,0.0,822069100.5462664,1583147284.0253947,208215506.61160672,136636274.0567321,322330576.40000004,35438901.15,-674357985.52,-1032127463.1399999,642829982.0937337,-461801848.4953947,-208215506.61160672,-136636274.0567321
2025-Q1,1510656686.715,896112462.015,0.0,0.0,1093363649.1332526,560572637.7912155,255051084.14591163,193500143.76962003,388834857.23,75114648.69,-246867295.46000004,-710816801.4699998,417293037.5817473,335539824.22378445,-255051084.14591163,-193500143.76962003
2025-Q2,1683182019.6650002,1508629241.5749998,0.0,0.0,1008025267.6611534,728607801.6390089,399289592.79918164,223373209.82065603,604063427.62,43426889.9,377829112.73,-269661204.84000015,675156752.0038468,780021439.9359909,-399289592.79918164,-223373209.82065603
2025-Q3,2050005160.8,1356338901.75,0.0,0.0,1155193975.6672637,846033820.7625556,319769889.3440395,208124073.29614127,470125900.10999995,80814504.42,314140711.1700001,-236799693.42000008,894811185.1327362,510305080.9874444,-319769889.3440395,-208124073.29614127
2025-Q4,2252454141.7450004,1578098689.025,0.0,0.0,1149497600.6572711,1686071352.4747765,232800600.43556127,145283228.21239144,348813640.23,43188223.230000004,-189850481.0,-581852344.5299997,1102956541.0877292,-107972663.44977641,-232800600.43556127,-145283228.21239144
2026-Q1,2287418642.595,1717963578.895,0.0,0.0,1559877189.913191,676070079.3660842,523247624.6939649,300722516.82675946,785291863.2399999,90779335.06,456022294.46000004,-420048903.9199996,727541452.6818087,1041893499.5289158,-523247624.6939649,-300722516.82675946
