Enstruman,Hazne,Taraf,f,f_ham,t,R2,n
altin_sdr,K,varlik,0.8457695058619908,0.8457695058619908,7.079813878669911,0.5440915793862031,44
altin_sdr,K,yukumluluk,1.0,1.0302833703620975,15.589620600126706,0.8526503313672185,44
altin_sdr,D,varlik,1.0,1.0384455494226075,19.051428384681948,0.8962852650169693,44
altin_sdr,D,yukumluluk,1.0,5.9052050536919785,0.8182895654881961,0.01569262067858257,44
para_mevduat,H,varlik,0.5002048334643262,0.5002048334643262,19.1248391039365,0.8969981005650258,44
para_mevduat,F,varlik,0.5801292831604365,0.5801292831604365,18.2101523853729,0.8875832034547019,44
para_mevduat,B,varlik,0.0,-0.2839401970764957,-0.12354796873431961,0.0003632989320702107,44
para_mevduat,B,yukumluluk,0.4312277315469595,0.4312277315469595,7.093379532578862,0.5450411099001837,44
para_mevduat,K,varlik,0.7480515235938758,0.7480515235938758,14.161645618793615,0.8268414021742088,44
para_mevduat,K,yukumluluk,0.6297429580649985,0.6297429580649985,11.549375850705214,0.7605310498208049,44
para_mevduat,D,varlik,0.7710317749316461,0.7710317749316461,8.847230748893514,0.6507958709099319,44
para_mevduat,D,yukumluluk,1.0,1.083204895884248,21.877045863275914,0.9193246529479305,44
borclanma_senedi,H,varlik,0.7752255461883577,0.7752255461883577,4.4564989148846585,0.32105172568578755,44
borclanma_senedi,F,varlik,0.0,-0.015883675966857976,-0.07332059504533114,0.00012798146764303464,44
borclanma_senedi,F,yukumluluk,0.8633997464518467,0.8633997464518467,6.794400512286459,0.5236144235067625,44
borclanma_senedi,B,varlik,0.19492511777626723,0.19492511777626723,2.08975454112539,0.09418480963849285,44
borclanma_senedi,B,yukumluluk,0.8344086694351148,0.8344086694351148,15.808149052060465,0.856113913275729,44
borclanma_senedi,K,varlik,0.8130281455188804,0.8130281455188804,10.000705092540581,0.7042547232591703,44
borclanma_senedi,K,yukumluluk,0.3493727618263187,0.3493727618263187,5.765010650960651,0.44175176662340443,44
borclanma_senedi,D,varlik,0.7848929998232889,0.7848929998232889,12.172750489395222,0.7791517744695412,44
borclanma_senedi,D,yukumluluk,0.8996119526156868,0.8996119526156868,8.07497383992418,0.6082279682840642,44
kredi,H,varlik,0.786886907571673,0.786886907571673,7.952324581705982,0.6009101766146546,44
kredi,H,yukumluluk,0.07240199681352705,0.07240199681352705,2.516657459206829,0.1310386435909664,44
kredi,F,varlik,1.0,1.1736125117937766,4.060812740416945,0.2819309915327656,44
kredi,F,yukumluluk,0.5962755835053216,0.5962755835053216,12.07911087786333,0.7764827015201605,44
kredi,B,varlik,0.39191859663549233,0.39191859663549233,8.408288120208054,0.627326907939607,44
kredi,B,yukumluluk,0.7975197551717299,0.7975197551717299,9.274180537601486,0.6719017211543948,44
kredi,K,varlik,0.4099136717935905,0.4099136717935905,2.704076418940752,0.14828084315961065,44
kredi,K,yukumluluk,0.904516331644429,0.904516331644429,4.130114931980523,0.2888328907793729,44
kredi,D,varlik,1.0,1.0065219344291976,22.717692243722553,0.9247437984432904,44
kredi,D,yukumluluk,1.0,1.0256271482046893,7.434152399814391,0.568197196756794,44
hisse_ozkaynak,H,varlik,0.2167886694954297,0.2167886694954297,1.0394752065603952,0.02508115009623879,44
hisse_ozkaynak,H,yukumluluk,0.012770836339853325,0.012770836339853325,1.1096898253808611,0.028484184660733547,44
hisse_ozkaynak,F,varlik,0.7921493419919146,0.7921493419919146,5.813444288914517,0.4458820324164855,44
hisse_ozkaynak,F,yukumluluk,0.1243533536095137,0.1243533536095137,0.3180527689758657,0.0024027264262219683,44
hisse_ozkaynak,B,varlik,0.7547468073590623,0.7547468073590623,9.826915737926315,0.696900314084481,44
hisse_ozkaynak,B,yukumluluk,0.0,-0.3492245627083613,-1.5160627551509003,0.0518854829163673,44
hisse_ozkaynak,K,varlik,0.35708850272565623,0.35708850272565623,0.45100121467182125,0.004819566327248337,44
hisse_ozkaynak,K,yukumluluk,0.2742143992087689,0.2742143992087689,0.3802865987526214,0.003431467750962147,44
hisse_ozkaynak,D,varlik,0.0,-0.12330984052863996,-0.320395638727417,0.002438168550206621,44
hisse_ozkaynak,D,yukumluluk,1.0,1.0549559116745157,11.850648605885706,0.7697846425632692,44
sigorta_emeklilik,H,varlik,0.18675087556069017,0.18675087556069017,2.559173863340178,0.13490125096186045,44
sigorta_emeklilik,F,varlik,0.0,-0.0671598116927317,-0.0857814812131278,0.00017517079836537608,44
sigorta_emeklilik,B,yukumluluk,0.18441726538595454,0.18441726538595454,2.683283709090461,0.14634166231477552,44
sigorta_emeklilik,K,yukumluluk,0.0,-0.12948924903227782,-0.34338394235642944,0.0027995815742064556,44
turev,H,varlik,0.0,-1.2079241825173883,-0.46082279499555684,0.0050306985967562,44
turev,H,yukumluluk,1.0,4.2172424743114085,3.0842876317648464,0.18466914280117397,44
turev,F,varlik,1.0,1.8735070222227013,7.191168689230525,0.5518226753164646,44
turev,F,yukumluluk,0.4959910210142463,0.4959910210142463,2.6908884744269255,0.14705018811278958,44
turev,B,varlik,0.5123138589935656,0.5123138589935656,4.692812430613951,0.34398051406350494,44
turev,B,yukumluluk,0.6649627910418722,0.6649627910418722,5.165059995806271,0.3884490675762752,44
turev,K,varlik,0.0,-0.3098404384727541,-0.46456316285549065,0.01184788524109781,20
turev,K,yukumluluk,0.08435752691511426,0.08435752691511426,0.1029865591806691,0.0005579112650478946,21
turev,D,varlik,0.2744023957858779,0.2744023957858779,3.182968025976683,0.19434175401743803,44
turev,D,yukumluluk,0.43484561607268246,0.43484561607268246,4.533974768194093,0.3286115242417773,44
diger,H,varlik,0.036151113333794095,0.036151113333794095,5.341255697929337,0.4045003814382001,44
diger,H,yukumluluk,0.006158963831210187,0.006158963831210187,0.11139239141753451,0.0002953476217664175,44
diger,F,varlik,0.6264648343464467,0.6264648343464467,4.984418410188237,0.37167536688610847,44
diger,F,yukumluluk,0.6116567796922078,0.6116567796922078,9.177817372797426,0.6672801696291302,44
diger,B,varlik,0.21073419615945266,0.21073419615945266,2.857019923713927,0.16272220519916214,44
diger,B,yukumluluk,0.26304987617552894,0.26304987617552894,10.13673788324759,0.709851484891677,44
diger,K,varlik,0.15813951883164007,0.15813951883164007,1.6718174837379878,0.06239480611635362,44
diger,K,yukumluluk,0.22672446720748338,0.22672446720748338,2.920881133759775,0.16883604742006453,44
diger,D,varlik,1.0,1.104768427635043,15.000304419559907,0.8427020095585307,44
diger,D,yukumluluk,0.8363727381276844,0.8363727381276844,2.3043602625006843,0.1122398576313357,44
