rol_id,rol,ad_rg,karar_baslangic,yayin_baslangic,karar_bitis,yayin_bitis,ayrilma_bicimi,sansur,kohort,onceki_kurum,atanma_kumesi,hizip_kodu,teknik_yetkinlik,siyasi_yetkinlik,imza,hukuki_dayanak,kaynak
R01,Hazine ve Maliye Bakanı,Berat ALBAYRAK,2018-07-09,2018-07-10,2020-11-10,2020-11-10,gorevden_af,yok,2018,bulunamadi,2018/1,,bulunamadi,bulunamadi,tek_imza,Anayasa 104 ve 106,https://www.resmigazete.gov.tr/eskiler/2018/07/20180710.pdf#sayfa207; https://www.resmigazete.gov.tr/fihrist?tarih=2020-11-10
R02,Hazine ve Maliye Bakanı,Lütfi ELVAN,2020-11-10,2020-11-10,2021-12-02,2021-12-02,gorevden_af,yok,2020,bulunamadi,2020/507,,bulunamadi,bulunamadi,tek_imza,Anayasa 104 ve 106,https://www.resmigazete.gov.tr/fihrist?tarih=2020-11-10; https://www.resmigazete.gov.tr/fihrist?tarih=2021-12-02
R03,Hazine ve Maliye Bakanı,Nureddin NEBATİ,2021-12-02,2021-12-02,,,bitis_bulunamadi,bitis_belirsiz,2021,bulunamadi,2021/573,,bulunamadi,bulunamadi,tek_imza,Anayasa 104 ve 106,https://www.resmigazete.gov.tr/fihrist?tarih=2021-12-02
R04,TCMB Başkanı,Murat ÇETİNKAYA,,,,2019-07-05,2019-07-06,gorevden_alma_375,sol,bulunamadi,bulunamadi,2019/159,,bulunamadi,bulunamadi,tek_imza,375 KHK ek 35 ve CBK 3 m.2,https://www.resmigazete.gov.tr/eskiler/2019/07/20190706.pdf
R05,TCMB Başkanı,Murat UYSAL,2019-07-05,2019-07-06,2020-11-06,2020-11-07,gorevden_alma_375,yok,2019,TCMB Baskan Yardimcisi,2019/159,,bulunamadi,bulunamadi,tek_imza,1211 m.25 ve CBK 3 m.2 3 7,https://www.resmigazete.gov.tr/eskiler/2019/07/20190706.pdf
R06,TCMB Başkanı,Naci AĞBAL,2020-11-06,2020-11-07,2021-03-19,2021-03-20,gorevden_alma_375,yok,2020,bulunamadi,2020/495,,bulunamadi,bulunamadi,tek_imza,1211 m.25 ve CBK 3 m.2 3 7,https://www.resmigazete.gov.tr/eskiler/2020/11/20201107.pdf
R07,TCMB Başkanı,Şahap KAVCIOĞLU,2021-03-19,2021-03-20,2023-06-08,2023-06-09,ayni_gun_bddk_atamasi,yok,2021,bulunamadi,2021/152,,bulunamadi,bulunamadi,tek_imza,1211 m.25 ve CBK 3 m.2 3 7,https://www.resmigazete.gov.tr/eskiler/2021/03/20210320.pdf; https://www.resmigazete.gov.tr/eskiler/2023/06/20230609.pdf
R08,TCMB Başkanı,Hafize Gaye ERKAN,2023-06-08,2023-06-09,2024-02-02,2024-02-03,gorevden_alma_375,yok,2023,bulunamadi,2023/306,,bulunamadi,bulunamadi,tek_imza,1211 m.25 ve CBK 3 m.2 3 7,https://www.resmigazete.gov.tr/eskiler/2023/06/20230609.pdf
R09,TCMB Başkanı,Fatih KARAHAN,2024-02-02,2024-02-03,,,bitis_bulunamadi,bitis_belirsiz,2024,TCMB Baskan Yardimcisi,2024/26,,bulunamadi,bulunamadi,tek_imza,1211 m.25 ve CBK 3 m.2 3 7,https://www.resmigazete.gov.tr/eskiler/2024/02/20240203.pdf
R10,İçişleri Bakanı,Süleyman SOYLU,2018-07-09,2018-07-10,,,bitis_bulunamadi,bitis_belirsiz,2018,bulunamadi,2018/1,,bulunamadi,bulunamadi,tek_imza,Anayasa 104 ve 106,https://www.resmigazete.gov.tr/eskiler/2018/07/20180710.pdf#sayfa207
R11,İçişleri Bakanı,Ali YERLİKAYA,,,,2026-02-10,2026-02-11,gorevden_af,sol,bulunamadi,bulunamadi,2026/51,,bulunamadi,bulunamadi,tek_imza,Anayasa 104 ve 106,https://www.resmigazete.gov.tr/eskiler/2026/02/20260211.pdf
R12,İçişleri Bakanı,Mustafa ÇİFTÇİ,2026-02-10,2026-02-11,,,bitis_bulunamadi,bitis_belirsiz,2026,bulunamadi,2026/51,,bulunamadi,bulunamadi,tek_imza,Anayasa 104 ve 106,https://www.resmigazete.gov.tr/eskiler/2026/02/20260211.pdf
R13,Sağlık Bakanı,Fahrettin KOCA,2018-07-09,2018-07-10,2024-07-01,2024-07-02,gorevden_af,yok,2018,bulunamadi,2018/1,,bulunamadi,bulunamadi,tek_imza,Anayasa 104 ve 106,https://www.resmigazete.gov.tr/eskiler/2018/07/20180710.pdf#sayfa207; https://www.resmigazete.gov.tr/eskiler/2024/07/20240702.pdf
R14,Sağlık Bakanı,Kemal MEMİŞOĞLU,2024-07-01,2024-07-02,,,bitis_bulunamadi,bitis_belirsiz,2024,bulunamadi,2024/186,,bulunamadi,bulunamadi,tek_imza,Anayasa 104 ve 106,https://www.resmigazete.gov.tr/eskiler/2024/07/20240702.pdf
R15,Millî Eğitim Bakanı,Ziya SELÇUK,2018-07-09,2018-07-10,2021-08-05,2021-08-06,gorevden_af,yok,2018,bulunamadi,2018/1,,bulunamadi,bulunamadi,tek_imza,Anayasa 104 ve 106,https://www.resmigazete.gov.tr/eskiler/2018/07/20180710.pdf#sayfa207; https://www.resmigazete.gov.tr/eskiler/2021/08/20210806.pdf
R16,Millî Eğitim Bakanı,Mahmut ÖZER,2021-08-05,2021-08-06,,,bitis_bulunamadi,bitis_belirsiz,2021,bulunamadi,2021/387,,bulunamadi,bulunamadi,tek_imza,Anayasa 104 ve 106,https://www.resmigazete.gov.tr/eskiler/2021/08/20210806.pdf
R17,Ulaştırma ve Altyapı Bakanı,Mehmet Cahit TURHAN,2018-07-09,2018-07-10,2020-03-27,2020-03-28,gorevine_son,yok,2018,bulunamadi,2018/1,,bulunamadi,bulunamadi,tek_imza,Anayasa 104 ve 106,https://www.resmigazete.gov.tr/eskiler/2020/03/20200328.pdf
R18,Ulaştırma ve Altyapı Bakanı,Adil KARAİSMAİLOĞLU,2020-03-27,2020-03-28,,,bitis_bulunamadi,bitis_belirsiz,2020,bulunamadi,2020/108,,bulunamadi,bulunamadi,tek_imza,Anayasa 104 ve 106,https://www.resmigazete.gov.tr/eskiler/2020/03/20200328.pdf
R19,Enerji ve Tabii Kaynaklar Bakanı,Fatih DÖNMEZ,2018-07-09,2018-07-10,,,bitis_bulunamadi,bitis_belirsiz,2018,bulunamadi,2018/1,,bulunamadi,bulunamadi,tek_imza,Anayasa 104 ve 106,https://www.resmigazete.gov.tr/eskiler/2018/07/20180710.pdf#sayfa207
R20,Ticaret Bakanı,Ruhsar PEKCAN,2018-07-09,2018-07-10,2021-04-21,2021-04-21,gorevine_son,yok,2018,bulunamadi,2018/1,,bulunamadi,bulunamadi,tek_imza,Anayasa 104 ve 106,https://www.resmigazete.gov.tr/eskiler/2018/07/20180710.pdf#sayfa207; https://www.resmigazete.gov.tr/eskiler/2021/04/20210421M1.pdf
R21,Ticaret Bakanı,Mehmet MUŞ,2021-04-21,2021-04-21,,,bitis_bulunamadi,bitis_belirsiz,2021,bulunamadi,2021/193,,bulunamadi,bulunamadi,tek_imza,Anayasa 104 ve 106,https://www.resmigazete.gov.tr/eskiler/2021/04/20210421M1.pdf
