sira,sorgu,sonuc
1,"resmigazete.gov.tr fihrist 2018-07-10",Karar 2018/1 başlığı var. İsim listesi PDF sayfa 207 OCR.
2,"20180710.pdf sayfa 207 OCR tur",Hazine Albayrak İçişleri Soylu Sağlık Koca Eğitim Selçuk Enerji Dönmez Ticaret Pekcan okundu. Ulaştırma satırı OCR TURAN verdi.
3,"20200328.pdf sayfa 118 OCR",Karar 2020/108 Mehmet Cahit TURHAN görevine son Adil KARAİSMAİLOĞLU atandı. Soyadı bu cümlede TURHAN.
4,"20190706.pdf sayfa 11 OCR",Karar 2019/159 Çetinkaya 375 ek 35 ile alındı Uysal başkan yardımcılığından atandı.
5,"20201107.pdf sayfa 7 OCR",Karar 2020/495 Uysal 375 ile alındı Ağbal atandı. Önceki kurum cümlede yok.
6,"fihrist 2020-11-10",Karar 2020/507 Albayrak af Elvan atama. Gövde OCR edilmedi başlık işlemi yazıyor.
7,"20210320.pdf sayfa 274 OCR",Karar 2021/152 Ağbal 375 ile alındı Kavcıoğlu atandı.
8,"20210421M1.pdf OCR",Karar 2021/193 Pekcan görevine son Muş atandı.
9,"20210806.pdf sayfa 25 OCR",Karar 2021/387 Selçuk af Özer atandı.
10,"fihrist 2021-12-02",Karar 2021/573 Elvan af Nebati atama. Gövde OCR edilmedi.
11,"20230604.pdf sayfa 1-6 ve fihrist","Karar 2023/284 ek liste bulundu denildi sayfada liste yok. İsimler haberden yazılmadı."
12,"20230609.pdf sayfa 5 OCR",Karar 2023/305 Kavcıoğlu BDDK. Karar 2023/306 Erkan TCMB. 375 cümlesi yok.
13,"20240203.pdf sayfa 27 OCR",Karar 2024/26 Erkan 375 ile alındı Karahan başkan yardımcılığından atandı.
14,"20240702.pdf sayfa 53 OCR",Karar 2024/186 Koca af Memişoğlu atandı.
15,"20260211.pdf OCR",Karar 2026/51 Yerlikaya af Çiftçi atandı. Yerlikaya başlangıcı bu turda yok.
16,"EVDS TP.AB.TOPLAM TP.AB.C1 TP.AB.C2 haftalık",Açıldı. Brüt toplam kullanıldı.
17,"EVDS TP.DK.USD.A.YTL günlük",Açıldı.
18,"EVDS TP.BISPOLFAIZ.TUR aylık",Açıldı. Günlük karar tarihi yerine kullanılmadı. Ay düzeyinde seviye kontrolü.
19,"EVDS TP.ODANA6.Q01",Açıldı. Aylık cari hesap. Haftalık cari seri değil.
20,"EVDS net rezerv haftalık: bie_abres2 bie_ulusdovlkd bie_swaptektarf",bulunamadı. Haftalık birincil net rezerv serisi yok. Swap stoku net rezerv diye birleştirilmedi.
21,"Adalet İstatistikleri 2025 PDF 4483",Satırlar var. Merci çarpı verildi verilmedi çarpı suç tipi çarpı küme yok.
22,"tccb.gov.tr faiz konuşma",B01-B05 açıldı. Başka konuşma bu turda karar gününe bağlanmadı.
23,"2019-12 ve 2023-02 faiz günü",bulunamadı. EVDS ayı var TCMB ekinden gün satırı ayıklanamadı. Karar tablosuna yazılmadı.
24,"haber sitesi bakan listesi ve istifa anlatısı",Karar metnine yazılmadı. Erkan ayrımı RG'de 375 görevden alma.
