karar_hafta,karar_tarih,beyan_tarih,url,baslik,arsiv,yon_kod
2024-W04,2024-01-25,2024-01-22,https://www.tccb.gov.tr/konusmalar/353/150819/uluslararasi-uzay-istasyonu-ndan-bulunan-alper-gezeravci-ile-gorusmeleri,Uluslararası Uzay İstasyonu’ndan bulunan Alper Gezeravcı ile Görüşmeleri,receptayyiperdogan/konusmalar sayfa 13,kodlanmadi
2024-W04,2024-01-25,2024-01-24,https://www.tccb.gov.tr/konusmalar/353/150876/turkiye-iran-is-forumu-nda-yaptiklari-konusma,Türkiye-İran İş Forumu’nda Yaptıkları Konuşma,receptayyiperdogan/konusmalar sayfa 13,kodlanmadi
2024-W04,2024-01-25,2024-01-27,https://www.tccb.gov.tr/konusmalar/353/150907/izmir-sehir-hastanesi-ve-baglanti-yollari-acilis-toreni-nde-yaptiklari-konusma,İzmir Şehir Hastanesi ve Bağlantı Yolları Açılış Töreni’nde Yaptıkları Konuşma,receptayyiperdogan/konusmalar sayfa 13,kodlanmadi
2024-W12,2024-03-21,2024-03-18,https://www.tccb.gov.tr/konusmalar/353/151743/18-mart-sehitleri-anma-gunu-ve-canakkale-deniz-zaferi-nin-109-yil-donumu-toreni-nde-yaptiklari-konusma,18 Mart Şehitleri Anma Günü ve Çanakkale Deniz Zaferi’nin 109. Yıl Dönümü Töreni’nde Yaptıkları Konuşma,receptayyiperdogan/konusmalar sayfa 12,kodlanmadi
2024-W12,2024-03-21,2024-03-18,https://www.tccb.gov.tr/konusmalar/353/151744/ataturk-cumhuriyet-kulesi-acilis-toreni-nde-yaptiklari-konusma,Atatürk Cumhuriyet Kulesi Açılış Töreni’nde Yaptıkları Konuşma,receptayyiperdogan/konusmalar sayfa 12,kodlanmadi
2024-W12,2024-03-21,2024-03-18,https://www.tccb.gov.tr/konusmalar/353/151747/askerler-ile-iftar-programi-nda-yaptiklari-konusma,Askerler ile İftar Programı’nda Yaptıkları Konuşma,receptayyiperdogan/konusmalar sayfa 12,kodlanmadi
2024-W12,2024-03-21,2024-03-19,https://www.tccb.gov.tr/konusmalar/353/151773/deprem-konutlari-kura-ve-anahtar-teslim-toreni-nde-yaptiklari-konusma,Deprem Konutları Kura ve Anahtar Teslim Töreni’nde Yaptıkları Konuşma,receptayyiperdogan/konusmalar sayfa 12,kodlanmadi
2024-W12,2024-03-21,2024-03-19,https://www.tccb.gov.tr/konusmalar/353/151775/arnavutkoy-istanbul-havalimani-metrosu-acilis-toreni-nde-yaptiklari-konusma,Arnavutköy-İstanbul Havalimanı Metrosu Açılış Töreni’nde Yaptıkları Konuşma,receptayyiperdogan/konusmalar sayfa 12,kodlanmadi
2024-W12,2024-03-21,2024-03-19,https://www.tccb.gov.tr/konusmalar/353/151796/-mamak-toplu-acilis-toreni-nde-yaptiklari-konusma,Mamak Toplu Açılış Töreni’nde Yaptıkları Konuşma,receptayyiperdogan/konusmalar sayfa 12,kodlanmadi
2024-W12,2024-03-21,2024-03-19,https://www.tccb.gov.tr/konusmalar/353/151847/sofor-esnafi-ile-iftar-programi-nda-yaptiklari-konusma,Şoför Esnafı ile İftar Programı’nda Yaptıkları Konuşma,receptayyiperdogan/konusmalar sayfa 12,kodlanmadi
2024-W52,2024-12-26,2024-12-23,https://www.tccb.gov.tr/konusmalar/353/156015/kabine-toplantisi-nin-ardindan-yaptiklari-konusma,Kabine Toplantısı’nın Ardından Yaptıkları Konuşma,receptayyiperdogan/konusmalar sayfa 9,kodlanmadi
2024-W52,2024-12-26,2024-12-25,https://www.tccb.gov.tr/konusmalar/353/156045/cumhurbaskanligi-kultur-sanat-buyuk-odulleri-toreni-nde-yaptiklari-konusma,Cumhurbaşkanlığı Kültür Sanat Büyük Ödülleri Töreni’nde Yaptıkları Konuşma,receptayyiperdogan/konusmalar sayfa 9,kodlanmadi
2024-W52,2024-12-26,2024-12-28,https://www.tccb.gov.tr/konusmalar/353/156089/ekonomiye-deger-katanlar-odul-toreni-nde-yaptiklari-konusma,Ekonomiye Değer Katanlar Ödül Töreni’nde Yaptıkları Konuşma,receptayyiperdogan/konusmalar sayfa 9,kodlanmadi
