tarih,faiz_once,faiz_sonra,kaynak,kaynak_url,kural
2018-06-07,16.50,17.75,TCMB 2019 Para ve Kur Politikası eki,https://www.tcmb.gov.tr/wps/wcm/connect/e8681e26-e3e6-4476-b79d-b2aa9e8f34d2/2019ParaKur.pdf,tur1
2018-09-13,17.75,24.00,TCMB 2019 Para ve Kur Politikası eki,https://www.tcmb.gov.tr/wps/wcm/connect/e8681e26-e3e6-4476-b79d-b2aa9e8f34d2/2019ParaKur.pdf,tur1
2019-01-16,24.00,24.00,TCMB 2020 Para ve Kur Politikası eki,https://www.tcmb.gov.tr/wps/wcm/connect/db313731-8689-4eaf-bca4-4824f2b799d2/2020+YılıParaKurMetni.pdf,tur1
2019-03-06,24.00,24.00,TCMB 2020 Para ve Kur Politikası eki,https://www.tcmb.gov.tr/wps/wcm/connect/db313731-8689-4eaf-bca4-4824f2b799d2/2020+YılıParaKurMetni.pdf,tur1
2019-04-25,24.00,24.00,TCMB 2020 Para ve Kur Politikası eki,https://www.tcmb.gov.tr/wps/wcm/connect/db313731-8689-4eaf-bca4-4824f2b799d2/2020+YılıParaKurMetni.pdf,tur1
2019-06-12,24.00,24.00,TCMB 2020 Para ve Kur Politikası eki,https://www.tcmb.gov.tr/wps/wcm/connect/db313731-8689-4eaf-bca4-4824f2b799d2/2020+YılıParaKurMetni.pdf,tur1
2019-07-25,24.00,19.75,TCMB 2020 Para ve Kur Politikası eki,https://www.tcmb.gov.tr/wps/wcm/connect/db313731-8689-4eaf-bca4-4824f2b799d2/2020+YılıParaKurMetni.pdf,tur1
2019-09-12,19.75,16.50,TCMB 2020 Para ve Kur Politikası eki,https://www.tcmb.gov.tr/wps/wcm/connect/db313731-8689-4eaf-bca4-4824f2b799d2/2020+YılıParaKurMetni.pdf,tur1
2019-10-24,16.50,14.00,TCMB 2020 Para ve Kur Politikası eki,https://www.tcmb.gov.tr/wps/wcm/connect/db313731-8689-4eaf-bca4-4824f2b799d2/2020+YılıParaKurMetni.pdf,tur1
2020-01-16,12.00,11.25,TCMB 2021 Para ve Kur Politikası eki,https://tcmb.gov.tr/wps/wcm/connect/e3eb0402-2ea1-43f6-a75f-a17abda0131f/2021ParaKurTR.pdf,tur1
2020-02-19,11.25,10.75,TCMB 2021 Para ve Kur Politikası eki,https://tcmb.gov.tr/wps/wcm/connect/e3eb0402-2ea1-43f6-a75f-a17abda0131f/2021ParaKurTR.pdf,tur1
2020-03-17,10.75,9.75,TCMB 2021 Para ve Kur Politikası eki,https://tcmb.gov.tr/wps/wcm/connect/e3eb0402-2ea1-43f6-a75f-a17abda0131f/2021ParaKurTR.pdf,tur1
2020-04-22,9.75,8.75,TCMB 2021 Para ve Kur Politikası eki,https://tcmb.gov.tr/wps/wcm/connect/e3eb0402-2ea1-43f6-a75f-a17abda0131f/2021ParaKurTR.pdf,tur1
2020-05-21,8.75,8.25,TCMB 2021 Para ve Kur Politikası eki,https://tcmb.gov.tr/wps/wcm/connect/e3eb0402-2ea1-43f6-a75f-a17abda0131f/2021ParaKurTR.pdf,tur1
2020-06-25,8.25,8.25,TCMB 2021 Para ve Kur Politikası eki,https://tcmb.gov.tr/wps/wcm/connect/e3eb0402-2ea1-43f6-a75f-a17abda0131f/2021ParaKurTR.pdf,tur1
2020-07-23,8.25,8.25,TCMB 2021 Para ve Kur Politikası eki,https://tcmb.gov.tr/wps/wcm/connect/e3eb0402-2ea1-43f6-a75f-a17abda0131f/2021ParaKurTR.pdf,tur1
2020-08-20,8.25,8.25,TCMB 2021 Para ve Kur Politikası eki,https://tcmb.gov.tr/wps/wcm/connect/e3eb0402-2ea1-43f6-a75f-a17abda0131f/2021ParaKurTR.pdf,tur1
2020-09-24,8.25,10.25,TCMB 2021 Para ve Kur Politikası eki,https://tcmb.gov.tr/wps/wcm/connect/e3eb0402-2ea1-43f6-a75f-a17abda0131f/2021ParaKurTR.pdf,tur1
2020-10-22,10.25,10.25,TCMB 2021 Para ve Kur Politikası eki,https://tcmb.gov.tr/wps/wcm/connect/e3eb0402-2ea1-43f6-a75f-a17abda0131f/2021ParaKurTR.pdf,tur1
2020-11-19,10.25,15.00,TCMB 2021 Para ve Kur Politikası eki,https://tcmb.gov.tr/wps/wcm/connect/e3eb0402-2ea1-43f6-a75f-a17abda0131f/2021ParaKurTR.pdf,tur1
2020-12-24,15.00,17.00,TCMB 2022 Para ve Kur Politikası eki,https://www.tcmb.gov.tr/wps/wcm/connect/e9d73d1f-1523-46ea-a307-bb74fe366389/2022+Para+ve+Kur+Politikas%C4%B1.pdf,tur1
2021-01-21,17.00,17.00,TCMB 2022 Para ve Kur Politikası eki,https://www.tcmb.gov.tr/wps/wcm/connect/e9d73d1f-1523-46ea-a307-bb74fe366389/2022+Para+ve+Kur+Politikas%C4%B1.pdf,tur1
2021-02-18,17.00,17.00,TCMB 2022 Para ve Kur Politikası eki,https://www.tcmb.gov.tr/wps/wcm/connect/e9d73d1f-1523-46ea-a307-bb74fe366389/2022+Para+ve+Kur+Politikas%C4%B1.pdf,tur1
2021-03-18,17.00,19.00,TCMB 2022 Para ve Kur Politikası eki,https://www.tcmb.gov.tr/wps/wcm/connect/e9d73d1f-1523-46ea-a307-bb74fe366389/2022+Para+ve+Kur+Politikas%C4%B1.pdf,tur1
2021-04-15,19.00,19.00,TCMB 2022 Para ve Kur Politikası eki,https://www.tcmb.gov.tr/wps/wcm/connect/e9d73d1f-1523-46ea-a307-bb74fe366389/2022+Para+ve+Kur+Politikas%C4%B1.pdf,tur1
2021-05-06,19.00,19.00,TCMB 2022 Para ve Kur Politikası eki,https://www.tcmb.gov.tr/wps/wcm/connect/e9d73d1f-1523-46ea-a307-bb74fe366389/2022+Para+ve+Kur+Politikas%C4%B1.pdf,tur1
2021-06-17,19.00,19.00,TCMB 2022 Para ve Kur Politikası eki,https://www.tcmb.gov.tr/wps/wcm/connect/e9d73d1f-1523-46ea-a307-bb74fe366389/2022+Para+ve+Kur+Politikas%C4%B1.pdf,tur1
2021-07-14,19.00,19.00,TCMB 2022 Para ve Kur Politikası eki,https://www.tcmb.gov.tr/wps/wcm/connect/e9d73d1f-1523-46ea-a307-bb74fe366389/2022+Para+ve+Kur+Politikas%C4%B1.pdf,tur1
2021-08-12,19.00,19.00,TCMB 2022 Para ve Kur Politikası eki,https://www.tcmb.gov.tr/wps/wcm/connect/e9d73d1f-1523-46ea-a307-bb74fe366389/2022+Para+ve+Kur+Politikas%C4%B1.pdf,tur1
2021-09-23,19.00,18.00,TCMB 2022 Para ve Kur Politikası eki,https://www.tcmb.gov.tr/wps/wcm/connect/e9d73d1f-1523-46ea-a307-bb74fe366389/2022+Para+ve+Kur+Politikas%C4%B1.pdf,tur1
2021-10-21,18.00,16.00,TCMB 2022 Para ve Kur Politikası eki,https://www.tcmb.gov.tr/wps/wcm/connect/e9d73d1f-1523-46ea-a307-bb74fe366389/2022+Para+ve+Kur+Politikas%C4%B1.pdf,tur1
2021-11-18,16.00,15.00,TCMB 2022 Para ve Kur Politikası eki,https://www.tcmb.gov.tr/wps/wcm/connect/e9d73d1f-1523-46ea-a307-bb74fe366389/2022+Para+ve+Kur+Politikas%C4%B1.pdf,tur1
2021-12-16,15.00,14.00,TCMB 2022 Para ve Kur Politikası eki,https://www.tcmb.gov.tr/wps/wcm/connect/e9d73d1f-1523-46ea-a307-bb74fe366389/2022+Para+ve+Kur+Politikas%C4%B1.pdf,tur1
2022-08-18,13.00,12.00,TCMB 2023 Para Politikası ve Liralaşma Stratejisi eki,https://tcmb.gov.tr/wps/wcm/connect/fb7ecbae-31a2-4600-bc81-b605ba10bc58/2023_Para+Politikasi_ve_Liralasma_Stratejisi.pdf,tur1
2022-09-22,12.00,10.50,TCMB 2023 Para Politikası ve Liralaşma Stratejisi eki,https://tcmb.gov.tr/wps/wcm/connect/fb7ecbae-31a2-4600-bc81-b605ba10bc58/2023_Para+Politikasi_ve_Liralasma_Stratejisi.pdf,tur1
2022-10-20,10.50,9.00,TCMB 2023 Para Politikası ve Liralaşma Stratejisi eki,https://tcmb.gov.tr/wps/wcm/connect/fb7ecbae-31a2-4600-bc81-b605ba10bc58/2023_Para+Politikasi_ve_Liralasma_Stratejisi.pdf,tur1
2022-11-24,9.00,9.00,TCMB 2023 Para Politikası ve Liralaşma Stratejisi eki,https://tcmb.gov.tr/wps/wcm/connect/fb7ecbae-31a2-4600-bc81-b605ba10bc58/2023_Para+Politikasi_ve_Liralasma_Stratejisi.pdf,tur1
2023-06-22,8.50,15.00,TCMB PPK toplantı özeti 2023-24,https://www.tcmb.gov.tr/wps/wcm/connect/tr/tcmb+tr/main+menu/duyurular/basin/2023/duy2023-24,tur1
2024-01-25,42.50,45.00,TCMB 2025 Para Politikası Ek 1 Tablo 1,https://www.tcmb.gov.tr/wps/wcm/connect/7d289852-7a49-4e58-aa0e-cf76d47b01f6/2025_Para_Politikas%C4%B1.pdf,tur2
2024-03-21,45.00,50.00,TCMB basın duyurusu 2024-14,https://www.tcmb.gov.tr/wps/wcm/connect/TR/TCMB+TR/PPK/PPK+Toplanti+Kararlari/DUY2024-14,tur2
2024-12-26,50.00,47.50,TCMB basın duyurusu 2024-70,https://www.tcmb.gov.tr/wps/wcm/connect/TR/TCMB+TR/Main+Menu/Duyurular/Basin/2024/DUY2024-70,tur2
