Donem,Kaynak,L_H,L_F,L_B,L_K,L_D
2015-Q1,H,0.0,0.18403506424587002,0.5979204309217531,0.2180445048323769,0.0
2015-Q1,F,0.19364875121996206,0.0,0.42608783330488786,0.15538206393924472,0.22488135153590544
2015-Q1,B,0.2713659985126084,0.1837794921084262,0.0,0.21774170329623352,0.3271128060827319
2015-Q1,K,0.18630205397037283,0.12617091693542037,0.4099228010322617,0.0,0.2776042280619452
2015-Q1,D,0.21367783652509773,0.14471084987305516,0.47015808682823873,0.17145322677360839,0.0
2015-Q2,H,0.0,0.1810894798639716,0.6115298908199347,0.20738062931609377,0.0
2015-Q2,F,0.19339274419782956,0.0,0.43127453450652775,0.14625284179331177,0.22907987950233097
2015-Q2,B,0.2784036164360278,0.18385017313465804,0.0,0.21054212885904744,0.3272040815702667
2015-Q2,K,0.1904549643408103,0.12577127630976362,0.42472315303886227,0.0,0.25905060631056376
2015-Q2,D,0.2152080802583707,0.1421175605474594,0.4799237169959655,0.16275064219820443,0.0
2015-Q3,H,0.0,0.18053259442056707,0.6087244459672996,0.2107429596121333,0.0
2015-Q3,F,0.1900924979533043,0.0,0.42324788147782727,0.14653019405268697,0.2401294265161814
2015-Q3,B,0.2708492821224703,0.17885141665422088,0.0,0.20878045317804006,0.3415188480452688
2015-Q3,K,0.19237017522248714,0.12702887041437777,0.42831921300985154,0.0,0.2522817413532836
2015-Q3,D,0.21469785731340035,0.1417726332232422,0.47803261172383366,0.16549689773952383,0.0
2015-Q4,H,0.0,0.18309435848801706,0.6047114168168388,0.2121942246951441,0.0
2015-Q4,F,0.18539495297046213,0.0,0.4160625979903609,0.14599704578085224,0.2525454032583248
2015-Q4,B,0.2731381190932596,0.18559654137820772,0.0,0.21509408880244932,0.3261712507260834
2015-Q4,K,0.1903643235428897,0.1293519929354831,0.42721483917931324,0.0,0.253068844342314
2015-Q4,D,0.21226082291958065,0.14423059928341783,0.47635487385443115,0.16715370394257043,0.0
2016-Q1,H,0.0,0.18438955393198386,0.6027185048919773,0.21289194117603877,0.0
2016-Q1,F,0.19161587311426484,0.0,0.41696968147972346,0.14728183087340696,0.24413261453260465
2016-Q1,B,0.2785703016205546,0.1854511787269708,0.0,0.21411766876518823,0.3218608508872864
2016-Q1,K,0.1928673753012741,0.12839660896917088,0.4196930386828987,0.0,0.2590429770466564
2016-Q1,D,0.21689968790607872,0.14439551723099547,0.4719890492856891,0.1667157455772367,0.0
2016-Q2,H,0.0,0.18114910623779432,0.6111241583427424,0.20772673541946318,0.0
2016-Q2,F,0.1932949138797706,0.0,0.41868541087959027,0.14231503104970777,0.24570464419093127
2016-Q2,B,0.2911702427283591,0.18694813346911954,0.0,0.21437657775316188,0.3075050460493595
2016-Q2,K,0.19427967271323549,0.1247387845831999,0.4208184424660447,0.0,0.2601631002375199
2016-Q2,D,0.2200529403009414,0.14128671277728008,0.4766444904104838,0.16201585651129463,0.0
2016-Q3,H,0.0,0.17923731635691936,0.6085745644589321,0.21218811918414854,0.0
2016-Q3,F,0.19285589153948676,0.0,0.41548601191143086,0.14486506759149734,0.24679302895758515
2016-Q3,B,0.28824631350788377,0.1828950257110881,0.0,0.2165182580422746,0.31234040273875346
2016-Q3,K,0.1958611447934093,0.12427575803780049,0.42196048712340783,0.0,0.25790261004538245
2016-Q3,D,0.2202617714082967,0.13975818755367506,0.47452885285717505,0.16545118818085322,0.0
2016-Q4,H,0.0,0.179153431892664,0.6155575471648749,0.20528902094246107,0.0
2016-Q4,F,0.19026562927364812,0.0,0.4128296348219715,0.13767907150025802,0.25922566440412237
2016-Q4,B,0.29349000821057003,0.18533622613629244,0.0,0.21237378489899875,0.3087999807541387
2016-Q4,K,0.19785445014149108,0.12494325560543745,0.4292955102381514,0.0,0.2479067840149202
2016-Q4,D,0.22100131641203258,0.13956028760465186,0.4795185189140758,0.15991987706923988,0.0
2017-Q1,H,0.0,0.1833508434599023,0.6139815252091495,0.2026676313309484,0.0
2017-Q1,F,0.18758428152416654,0.0,0.41855354367551695,0.13815929600324006,0.2557028787970765
2017-Q1,B,0.2830014227469683,0.1885692208929896,0.0,0.20843578692705814,0.3199935694329838
2017-Q1,K,0.1861102044110716,0.12400876258989325,0.41526446105983206,0.0,0.2746165719392031
2017-Q1,D,0.21579069565121697,0.14378543740145258,0.48149002476727176,0.15893384218005863,0.0
2017-Q2,H,0.0,0.19560891177474707,0.6010496680132,0.2033414202120529,0.0
2017-Q2,F,0.1834920235639002,0.0,0.4194512052860204,0.1419047515232029,0.2551520196268765
2017-Q2,B,0.27401522197373873,0.2038530535231884,0.0,0.21191145659918834,0.3102202679038845
2017-Q2,K,0.17983159730577603,0.13378534216704283,0.41108370147844436,0.0,0.2752993590487368
2017-Q2,D,0.2081927413571901,0.15488455619846572,0.47591548993770294,0.1610072125066413,0.0
2017-Q3,H,0.0,0.1923933515981861,0.5996299052844383,0.2079767431173756,0.0
2017-Q3,F,0.1853859133315743,0.0,0.41756272583310305,0.14482822654548513,0.25222313428983745
2017-Q3,B,0.2764961367454427,0.19982086599740845,0.0,0.216005868039706,0.3076771292174429
2017-Q3,K,0.18458622392082719,0.133398533336503,0.41576150758425917,0.0,0.2662537351584107
2017-Q3,D,0.21024691126080733,0.15194324367755294,0.47355956979877467,0.16425027526286498,0.0
2017-Q4,H,0.0,0.18811875845674172,0.6081222977296282,0.20375894381363016,0.0
2017-Q4,F,0.1800061539039102,0.0,0.4202737604399919,0.14081795365758576,0.2589021319985121
2017-Q4,B,0.28062333183487326,0.20267952415919535,0.0,0.21953029094024817,0.2971668530656832
2017-Q4,K,0.18292486487030643,0.13211704218028059,0.4270882920928352,0.0,0.2578698008565778
2017-Q4,D,0.20664072159503133,0.1492457624636792,0.4824594673087493,0.16165404863254015,0.0
2018-Q1,H,0.0,0.19297970416670338,0.601895164733179,0.20512513110011774,0.0
2018-Q1,F,0.1829783225628193,0.0,0.4125292111143348,0.14058944725028372,0.2639030190725621
2018-Q1,B,0.27073257185112143,0.19569798550467657,0.0,0.20801449098501576,0.32555495165918624
2018-Q1,K,0.18630793242086097,0.13467196358757189,0.4200358999330876,0.0,0.25898420405847955
2018-Q1,D,0.21071660340690956,0.1523156763782254,0.4750658600135612,0.1619018602013039,0.0
2018-Q2,H,0.0,0.19518829738631466,0.6022737279347161,0.20253797467896925,0.0
2018-Q2,F,0.1811901021148987,0.0,0.409238182007002,0.13762226160724397,0.2719494542708553
2018-Q2,B,0.26855028946718146,0.19657449042103994,0.0,0.2039763638320427,0.3308988562797358
2018-Q2,K,0.18811403067220736,0.13769644335071934,0.42487665178027095,0.0,0.24931287419680245
2018-Q2,D,0.21052000504244148,0.15409725603632216,0.47548305969296967,0.15989967922826678,0.0
2018-Q3,H,0.0,0.20153492175100662,0.6046603978357322,0.19380468041326118,0.0
2018-Q3,F,0.17958713924206285,0.0,0.4038761971047621,0.12944968380032076,0.28708697985285436
2018-Q3,B,0.2713525868930168,0.20339757827430907,0.0,0.19559589133135857,0.3296539435013155
2018-Q3,K,0.1823531736218137,0.13668634719865286,0.4100967730940539,0.0,0.27086370608547944
2018-Q3,D,0.21189572035933246,0.15883053432901537,0.47653544726356917,0.15273829804808298,0.0
2018-Q4,H,0.0,0.2052430477736883,0.6007515427115219,0.1940054095147898,0.0
2018-Q4,F,0.17154234090090195,0.0,0.3930811928699814,0.12694079394469812,0.3084356722844185
2018-Q4,B,0.26059427860343287,0.20400902013834124,0.0,0.19283894838811597,0.34255775287011
2018-Q4,K,0.16425054350523113,0.12858529595227566,0.3763723826520287,0.0,0.3307917778904644
2018-Q4,D,0.20771406607706747,0.16261117978656564,0.47596699707284057,0.1537077570635262,0.0
2019-Q1,H,0.0,0.2051063099274087,0.6038120646351914,0.19108162543739984,0.0
2019-Q1,F,0.18008380079280284,0.0,0.4010022348323828,0.12690067543134648,0.2920132889434679
2019-Q1,B,0.2745010406365374,0.20763156384492482,0.0,0.19343420846310935,0.32443318705542856
2019-Q1,K,0.17987833134484113,0.13605929927383187,0.400544705018709,0.0,0.283517664362618
2019-Q1,D,0.2133185222232872,0.16135333499502236,0.4750077673066205,0.15032037547507004,0.0
2019-Q2,H,0.0,0.21453786786415416,0.5999180553294369,0.1855440768064088,0.0
2019-Q2,F,0.18260834633555117,0.0,0.4026278090679229,0.12452568224350478,0.290238162353021
2019-Q2,B,0.27959503737913377,0.2204573741756756,0.0,0.19066358948104958,0.30928399896414105
2019-Q2,K,0.17947987376003877,0.1415177538822541,0.39572993126504835,0.0,0.28327244109265887
2019-Q2,D,0.21389063068610475,0.16865022800063806,0.47160120411504225,0.145857937198215,0.0
2019-Q3,H,0.0,0.21262488556072906,0.6150519619315074,0.17232315250776373,0.0
2019-Q3,F,0.18974073728916427,0.0,0.4112055265979839,0.11521015630850183,0.28384357980435015
2019-Q3,B,0.2980082855886214,0.22326928564565343,0.0,0.1809499723381461,0.29777245642757905
2019-Q3,K,0.18218037462277734,0.1364904402585446,0.39482073250516087,0.0,0.2865084526135172
2019-Q3,D,0.22106289025091147,0.16562141381940498,0.4790867975724347,0.13422889835724885,0.0
2019-Q4,H,0.0,0.21238104929747395,0.6201884909120907,0.16743045979043544,0.0
2019-Q4,F,0.19362270637763115,0.0,0.41879517787005327,0.11306090038155722,0.2745212153707583
2019-Q4,B,0.3118231399760068,0.23096479447081344,0.0,0.18208094301053843,0.2751311225426412
2019-Q4,K,0.18672867311635033,0.13830836804300037,0.4038837661874319,0.0,0.2710791926532173
2019-Q4,D,0.22283824789815848,0.16505442838525242,0.48198677423063735,0.1301205494859517,0.0
2020-Q1,H,0.0,0.21453227834570493,0.6206167086856628,0.16485101296863233,0.0
2020-Q1,F,0.19225731795628348,0.0,0.41901120976896844,0.11129964986265328,0.27743182241209496
2020-Q1,B,0.3126345153911576,0.2355314288292537,0.0,0.18098719189418971,0.2708468638853989
2020-Q1,K,0.1924389473839698,0.1449789386915081,0.41940705824450886,0.0,0.2431750556800132
2020-Q1,D,0.22164519163855312,0.16698223039911575,0.483059999354941,0.12831257860739026,0.0
2020-Q2,H,0.0,0.2103043203471433,0.6143963669611516,0.175299312691705,0.0
2020-Q2,F,0.20218936316843644,0.0,0.42373057206159664,0.12089862838260824,0.25318143638735857
2020-Q2,B,0.3217512594391394,0.2308082383304741,0.0,0.1923903678066543,0.25505013442373214
2020-Q2,K,0.19752797737398564,0.14169667760786225,0.4139616522809997,0.0,0.24681369273715245
2020-Q2,D,0.2267055035492437,0.16262717350426276,0.4751093292103979,0.13555799373609573,0.0
2020-Q3,H,0.0,0.20446890563826026,0.6138626197140683,0.18166847464767144,0.0
2020-Q3,F,0.20141719066559235,0.0,0.4286809796836954,0.1268652255220902,0.24303660412862207
2020-Q3,B,0.32902636590009093,0.2332515106692607,0.0,0.20724151684714912,0.2304806065834993
2020-Q3,K,0.20581176433193754,0.14590291210433676,0.43803405495177794,0.0,0.21025126861194773
2020-Q3,D,0.223858829791046,0.15869673569342352,0.4764440520124111,0.14100038250311941,0.0
2020-Q4,H,0.0,0.21043860619368995,0.6064350696422256,0.1831263241640844,0.0
2020-Q4,F,0.2020815680905506,0.0,0.41914890210054473,0.12657117235051785,0.2521983574583868
2020-Q4,B,0.32803691756107284,0.2361051501702241,0.0,0.2054616738294038,0.23039625843929923
2020-Q4,K,0.2033353570837756,0.14635098200568508,0.421749457336441,0.0,0.2285642035740983
2020-Q4,D,0.2262317616574841,0.16283070959374593,0.46924019550618584,0.14169733324258407,0.0
2021-Q1,H,0.0,0.20754018481075656,0.5974095007166494,0.195050314472594,0.0
2021-Q1,F,0.20045008100472173,0.0,0.4145475157210601,0.13534706630582366,0.24965533696839456
2021-Q1,B,0.31917400903999105,0.22931141467149993,0.0,0.21551134101868308,0.23600323526982586
2021-Q1,K,0.2091054672602057,0.15023237843584825,0.4324475776807885,0.0,0.20821457662315748
2021-Q1,D,0.22412720223984234,0.16102478383678184,0.4635137807295257,0.15133423319385006,0.0
2021-Q2,H,0.0,0.20860479637842413,0.5900406556859589,0.20135454793561713,0.0
2021-Q2,F,0.1953545536778701,0.0,0.4016069715790878,0.13705053953627727,0.2659879352067647
2021-Q2,B,0.31669931973705384,0.23017978897124666,0.0,0.2221796821399205,0.23094120915177885
2021-Q2,K,0.20499217196287745,0.1489900733678525,0.4214198432004956,0.0,0.22459791146877436
2021-Q2,D,0.22300813452797355,0.16208422988448395,0.4584567897657707,0.1564508458217717,0.0
2021-Q3,H,0.0,0.21229334561062901,0.5851117299609695,0.20259492442840132,0.0
2021-Q3,F,0.20096376727510232,0.0,0.39492787638269056,0.13674376905032715,0.26736458729187995
2021-Q3,B,0.32092544211658375,0.2288240938982191,0.0,0.21837048107826343,0.23187998290693357
2021-Q3,K,0.20802496416111835,0.14832455668966615,0.40880432549949547,0.0,0.23484615364971997
2021-Q3,D,0.2294302727461641,0.16358682542498673,0.45086938616904443,0.1561135156598047,0.0
2021-Q4,H,0.0,0.21338834652730096,0.5657486010715139,0.2208630524011851,0.0
2021-Q4,F,0.19383932193056136,0.0,0.37926459907500765,0.14806141254396032,0.27883466645047067
2021-Q4,B,0.3124723698600667,0.23059997500951346,0.0,0.23867758100708655,0.21825007412333328
2021-Q4,K,0.21444695777926293,0.15825867460508547,0.4195853486019863,0.0,0.2077090190136654
2021-Q4,D,0.22429502483237979,0.16552640204401953,0.4388540045452946,0.1713245685783061,0.0
2022-Q1,H,0.0,0.21853683495141235,0.5526770116936628,0.2287861533549247,0.0
2022-Q1,F,0.18964879133388932,0.0,0.35896232872674744,0.14859603104722408,0.3027928488921391
2022-Q1,B,0.3009564491314802,0.22524527897290963,0.0,0.23580922158512235,0.2379890503104879
2022-Q1,K,0.21544427692648854,0.16124527784491227,0.40778735689502377,0.0,0.21552308833357534
2022-Q1,D,0.22600206524197342,0.1691470589209489,0.4277708656391327,0.17708001019794486,0.0
2022-Q2,H,0.0,0.21845305469293333,0.5768049012531964,0.20474204405387036,0.0
2022-Q2,F,0.18636722342146497,0.0,0.37613786912611863,0.13351349130985207,0.30398141614256435
2022-Q2,B,0.30889348751613177,0.23611058482130257,0.0,0.22129131509293568,0.23370461256963004
2022-Q2,K,0.21165200715379895,0.161781588823805,0.42716918514721386,0.0,0.1993972188751821
2022-Q2,D,0.22226976884427765,0.1698975447230087,0.44859860918340205,0.1592340772493117,0.0
2022-Q3,H,0.0,0.21947629135020683,0.5580229337898239,0.22250077485996914,0.0
2022-Q3,F,0.18416083185678775,0.0,0.3751304945806952,0.14957597737236622,0.29113269619015086
2022-Q3,B,0.29626866328862483,0.23735937218501024,0.0,0.24063029271426045,0.22574167181210447
2022-Q3,K,0.21177659607077046,0.16966748804569426,0.43138303853027526,0.0,0.18717287735325996
2022-Q3,D,0.21503814277125027,0.17228051727593655,0.43802671848389585,0.17465462146891728,0.0
2022-Q4,H,0.0,0.22758419948895328,0.5661494202104076,0.20626638030063915,0.0
2022-Q4,F,0.189182162907279,0.0,0.3857101771832627,0.1405265805326479,0.2845810793768105
2022-Q4,B,0.3057208849677665,0.2505630690056719,0.0,0.22709281838051246,0.21662322764604916
2022-Q4,K,0.20789434112548738,0.17038627945489015,0.4238611183984096,0.0,0.1978582610212129
2022-Q4,D,0.21733358871385478,0.17812250867944926,0.4431061349678115,0.16143776763888446,0.0
2023-Q1,H,0.0,0.22823185923355271,0.5598706171848061,0.21189752358164105,0.0
2023-Q1,F,0.18792916714427274,0.0,0.38972275422478636,0.14750066170446977,0.2748474169264711
2023-Q1,B,0.30077901657934364,0.2542715096466283,0.0,0.23607354114549922,0.20887593262852866
2023-Q1,K,0.20574713339838857,0.17393378969597748,0.4266732020384958,0.0,0.19364587486713822
2023-Q1,D,0.2125839084174003,0.17971343857231417,0.440851133175598,0.16685151983468757,0.0
2023-Q2,H,0.0,0.21850641368233048,0.5765283753130358,0.20496521100463383,0.0
2023-Q2,F,0.19321092301555784,0.0,0.4024956588815281,0.14309375077385925,0.2611996673290547
2023-Q2,B,0.3177680798903307,0.2508899686090357,0.0,0.235341903646169,0.1960000478544646
2023-Q2,K,0.20744154177828722,0.1637829763232556,0.43214078549134927,0.0,0.19663469640710796
2023-Q2,D,0.2167626887978103,0.17114237593298187,0.45155853451194905,0.16053640075725886,0.0
2023-Q3,H,0.0,0.22127228971980498,0.571310702092023,0.20741700818817224,0.0
2023-Q3,F,0.1942074206251398,0.0,0.3859804118867578,0.14013198415438466,0.27968018333371764
2023-Q3,B,0.3173166166803067,0.24425695036795997,0.0,0.22896245136995358,0.2094639815817798
2023-Q3,K,0.20820700117028212,0.16026896947016261,0.4138040853986255,0.0,0.2177199439609298
2023-Q3,D,0.22327504003572737,0.17186771037381846,0.443751282209587,0.1611059673808673,0.0
2023-Q4,H,0.0,0.22294601126390307,0.551414811529028,0.22563917720706891,0.0
2023-Q4,F,0.19864513472431783,0.0,0.3756469321955517,0.15371488565192787,0.27199304742820263
2023-Q4,B,0.30822378788846805,0.23566188459380438,0.0,0.23850865703926002,0.21760567047846752
2023-Q4,K,0.21694783941912402,0.16587407820244257,0.4102581743939915,0.0,0.20691990798444196
2023-Q4,D,0.22576206150897116,0.172613260155762,0.4269262669316539,0.174698411403613,0.0
2024-Q1,H,0.0,0.22796502084376336,0.5534712705095752,0.21856370864666125,0.0
2024-Q1,F,0.19956501481229474,0.0,0.37947992843201095,0.14985518659118008,0.2710998701645143
2024-Q1,B,0.3033469817868039,0.2375840113204224,0.0,0.2277860104903128,0.2312829964024608
2024-Q1,K,0.21430096053501696,0.16784238805946716,0.4075008500023387,0.0,0.21035580140317717
2024-Q1,D,0.2254459389165893,0.1765712326795013,0.4286934202661865,0.16928940813772286,0.0
2024-Q2,H,0.0,0.22542073524746536,0.5663462738905342,0.2082329908620005,0.0
2024-Q2,F,0.20398341382453514,0.0,0.38939557265199537,0.1431721341869707,0.2634488793364987
2024-Q2,B,0.3110719350573559,0.23635717950136048,0.0,0.21833555970458762,0.23423532573669595
2024-Q2,K,0.2144343161307671,0.16293044931753864,0.40934589612175476,0.0,0.2132893384299395
2024-Q2,D,0.2287987383491047,0.17384475542511774,0.4367669609556635,0.16058954527011413,0.0
2024-Q3,H,0.0,0.22257208230642445,0.5665210175780719,0.21090690011550373,0.0
2024-Q3,F,0.20248288660108182,0.0,0.37534761914282616,0.13973603866910148,0.2824334555869905
2024-Q3,B,0.31409003874739044,0.22874634709346517,0.0,0.21675756670959298,0.24040604744955138
2024-Q3,K,0.22206155628460042,0.16172359375855652,0.4116410915199296,0.0,0.20457375843691356
2024-Q3,D,0.2340757834437494,0.17047334776784145,0.43391216655113457,0.1615387022372746,0.0
2024-Q4,H,0.0,0.22495978223163335,0.5799389274666387,0.19510129030172793,0.0
2024-Q4,F,0.20279932591872685,0.0,0.38609276624940986,0.12988815425871986,0.28121975357314344
2024-Q4,B,0.3205998585802911,0.23676151269554338,0.0,0.20533659911319907,0.23730202961096641
2024-Q4,K,0.21852209597741598,0.16137755715215496,0.4160260402263433,0.0,0.20407430664408577
2024-Q4,D,0.23349273768462628,0.17243330680943195,0.4445273996025673,0.14954655590337448,0.0
2025-Q1,H,0.0,0.21949289522584575,0.5836110768949623,0.1968960278791921,0.0
2025-Q1,F,0.2008001027757112,0.0,0.39111127934333256,0.1319513292502349,0.2761372886307212
2025-Q1,B,0.3169794620191474,0.2322012081218703,0.0,0.2082960156906359,0.2425233141683464
2025-Q1,K,0.2204858372697147,0.16151544160516387,0.42945445096691903,0.0,0.18854427015820244
2025-Q1,D,0.2305509776848989,0.16888859363663794,0.4490589725290919,0.15150145614937122,0.0
2025-Q2,H,0.0,0.2184164711911479,0.591413793262297,0.19016973554655506,0.0
2025-Q2,F,0.2046259499640044,0.0,0.3837144639837082,0.12338379485310166,0.28827579119918567
2025-Q2,B,0.33238338481624724,0.2301869532693862,0.0,0.20041799865540783,0.23701166325895887
2025-Q2,K,0.2297024778585786,0.15907688516357602,0.4307379547058365,0.0,0.18048268227200884
2025-Q2,D,0.23976754383942328,0.16604729035957222,0.44961196065903963,0.1445732051419649,0.0
2025-Q3,H,0.0,0.2102113710369676,0.6030786414147148,0.18670998754831758,0.0
2025-Q3,F,0.19963904153050743,0.0,0.39955252111447365,0.12369936707952872,0.27710907027549025
2025-Q3,B,0.3325470070113141,0.2319870271739906,0.0,0.20605115099796278,0.22941481481673245
2025-Q3,K,0.22032786245912356,0.15370219769788207,0.4409586032993116,0.0,0.18501133654368274
2025-Q3,D,0.231556710377182,0.16153551747577016,0.46343173510998326,0.14347603703706455,0.0
2025-Q4,H,0.0,0.2067402622247679,0.5946272504833424,0.19863248729188968,0.0
2025-Q4,F,0.19012785728707898,0.0,0.392940251855721,0.13125987670386777,0.28567201415333227
2025-Q4,B,0.3231891596263478,0.2322297236419517,0.0,0.22312232331387047,0.2214587934178299
2025-Q4,K,0.21938026371861316,0.1576371499426945,0.4533966632128278,0.0,0.16958592312586446
2025-Q4,D,0.22343126501018676,0.1605480239073503,0.46176893169832006,0.15425177938414295,0.0
2026-Q1,H,0.0,0.21103108197188522,0.6008797755572315,0.18808914247088324,0.0
2026-Q1,F,0.18793837187590517,0.0,0.39574106220761207,0.12387602322297932,0.29244454269350334
2026-Q1,B,0.32651496243859335,0.2414668859025282,0.0,0.21521616190439613,0.21680198975448217
2026-Q1,K,0.21626753670834628,0.15993585170111832,0.4553936689123639,0.0,0.16840294267817132
2026-Q1,D,0.22200737903863407,0.16418062456761987,0.4674800314684478,0.1463319649252982,0.0
