Donem,Kaynak,L_H,L_F,L_B,L_K,L_D,G_H,G_F,G_B,G_K,G_D
2015-Q1,H,0.0,0.013111352180382011,0.6519073693391304,0.07302104129559839,0.26196023718488926,0.0,0.14408074404431093,0.03236223872600973,0.1836313441012274,0.6399256731284519
2015-Q1,F,0.008501093124452755,0.0,0.606352282349122,0.11595662195438022,0.269190002572045,0.17564861226770215,0.0,0.031168660149049315,0.17685868414301764,0.6163240434402307
2015-Q1,B,0.4508178404488904,0.2398433956742021,0.0,0.1110291816785512,0.1983095821983562,0.15858514808779994,0.12528622049002103,0.0,0.1596776669814381,0.5564509644407409
2015-Q1,K,0.2369794544455841,0.15378384099642778,0.3135261044709587,0.0,0.2957106000870294,0.18260435955665813,0.144261996345259,0.03240295013593358,0.0,0.6407306939621492
2015-Q1,D,0.2294365049861498,0.16065915084491703,0.34708870494181243,0.26281563922712076,0.0,0.33620643777430886,0.26561146741078123,0.05965947617587185,0.3385226186390381,0.0
2015-Q2,H,0.0,0.013486843744908269,0.6362099481270556,0.07763159368142224,0.272671614446614,0.0,0.14013828391787053,0.030293445269013435,0.16954186173645464,0.6600264090766613
2015-Q2,F,0.00833189269625441,0.0,0.5935931925920974,0.11728714772519575,0.2807877669864524,0.15933796561766345,0.0,0.02961702893848385,0.16575619513536216,0.6452888103084906
2015-Q2,B,0.439698243205785,0.23467830744698406,0.0,0.12017486449261698,0.205448584854614,0.1438857660052124,0.1237223560100352,0.0,0.1496815715872122,0.5827103063975402
2015-Q2,K,0.23708842279619075,0.15295868574062466,0.3131690457655706,0.0,0.29678384569761407,0.1640540319874324,0.1410643450978711,0.030493630278332847,0.0,0.6643879926363635
2015-Q2,D,0.240039155691152,0.16361542315344615,0.3453108272570532,0.25103459389834876,0.0,0.3240418348153405,0.27863228144274005,0.06023144805321556,0.3370944356887039,0.0
2015-Q3,H,0.0,0.01366031255010597,0.6286052296038335,0.07851246085729822,0.2792219969887622,0.0,0.14790405130760712,0.03395852713606602,0.17850914930903344,0.6396282722472934
2015-Q3,F,0.007497929059553032,0.0,0.5893921529708281,0.11556280110834416,0.28754711686127465,0.16862983776740795,0.0,0.033132543650296,0.17416721749328282,0.6240704010890132
2015-Q3,B,0.4283812909096432,0.23609227698938706,0.0,0.1259486141095562,0.20957781799141356,0.15175826544800794,0.12986853313501812,0.0,0.15674162517515675,0.5616315762418173
2015-Q3,K,0.23691703277686726,0.15593219387685323,0.32107713185213527,0.0,0.28607364149414416,0.17382022814849762,0.14874826087527535,0.03415235626555054,0.0,0.6432791547106765
2015-Q3,D,0.2587493618969797,0.17559873830020753,0.32515755839443616,0.24049434140837658,0.0,0.32414095501223406,0.27738660712911634,0.06368750917974958,0.33478492867890014,0.0
2015-Q4,H,0.0,0.011971576538491737,0.6277405343070573,0.0799466072798632,0.28034128187458773,0.0,0.12699614651737356,0.03572649822483968,0.19437270626873834,0.6429046489890484
2015-Q4,F,0.007822434235054375,0.0,0.5868106953770563,0.11753042659643242,0.2878364437914568,0.1657148970746384,0.0,0.034141985891321475,0.18575204749485408,0.6143910695391861
2015-Q4,B,0.4463215686555602,0.24084901177808882,0.0,0.12143535488310181,0.1913940646832491,0.1524205157386426,0.1116273839011637,0.0,0.1708501974081576,0.5651019029520361
2015-Q4,K,0.24301542002932286,0.16342009526522483,0.3058467359029598,0.0,0.2877177488024925,0.17711931388137556,0.1297159083285693,0.03649162038156888,0.0,0.6566731574084862
2015-Q4,D,0.24343971298475778,0.17127858617383487,0.3312216422767792,0.2540600585646282,0.0,0.3268714746190903,0.2393890835943029,0.06734482820632544,0.36639461358028136,0.0
2016-Q1,H,0.0,0.012866458367929793,0.6259145578066025,0.0854328896931279,0.2757860941323399,0.0,0.12524399253676394,0.0364384921615128,0.187179711155999,0.6511378041457244
2016-Q1,F,0.008277193910372984,0.0,0.5903071948989164,0.11793018262370346,0.28348542856700715,0.1625926436812853,0.0,0.03488271144053283,0.1791878715188285,0.6233367733593534
2016-Q1,B,0.4447237722699149,0.23192259750766986,0.0,0.13295080763685732,0.19040282258555785,0.14985305774443072,0.11050233578742825,0.0,0.16514800331586796,0.5744966031522731
2016-Q1,K,0.23494722058273457,0.15281966187420887,0.3243887926813712,0.0,0.2878443248616853,0.17284058792378493,0.1274534465424375,0.0370813107976508,0.0,0.6626246547361266
2016-Q1,D,0.29335808876126396,0.18907910925712798,0.30795433033881825,0.20960847164278984,0.0,0.32743819848522054,0.2414544374553422,0.07024876362030977,0.3608586004391276,0.0
2016-Q2,H,0.0,0.013023421024011054,0.6277910213180051,0.08303709820528125,0.2761484594527025,0.0,0.13415654898225726,0.03748682478350743,0.1973811838168609,0.6309754424173744
2016-Q2,F,0.007944925439121491,0.0,0.591184439392682,0.11635874633697119,0.2845118888312253,0.16697532095928785,0.0,0.03606593102578861,0.18989968348717928,0.6070590645277442
2016-Q2,B,0.4454898505551991,0.22750137509041032,0.0,0.1358204076860928,0.19118836666829783,0.15276712684716134,0.11808860530240749,0.0,0.17374081911538933,0.5554034487350419
2016-Q2,K,0.24514661359352735,0.15367152788908106,0.312845716219359,0.0,0.2883361422980325,0.1777899606576092,0.1374311929806192,0.0384018453823989,0.0,0.6463770009793727
2016-Q2,D,0.27920301025079736,0.18090284689134678,0.313909808093602,0.22598433476425384,0.0,0.31986847140425156,0.24725752488708896,0.0690901754864899,0.36378382822216965,0.0
2016-Q3,H,0.0,0.01224766511834812,0.6326903631292242,0.07797565979551428,0.27708631195691336,0.0,0.1362670047521941,0.03795097948422227,0.1971885798046375,0.6285934359589461
2016-Q3,F,0.007712436161506875,0.0,0.5955283003496649,0.11134908922432654,0.2854101742645016,0.16671608606558289,0.0,0.03661309790901823,0.19023711316670913,0.6064337028586898
2016-Q3,B,0.45826205150020066,0.2348503795646242,0.0,0.11582801008626278,0.19105955884891232,0.15227297857935085,0.12007415380409552,0.0,0.17375630955513435,0.5538965580614191
2016-Q3,K,0.24652665659796477,0.15435128073545212,0.31003753007031803,0.0,0.28908453259626504,0.17712650391670834,0.1396722863931728,0.03889936588142676,0.0,0.644301843808692
2016-Q3,D,0.2433337976293229,0.16319280689918272,0.34317056839876997,0.25030282707272455,0.0,0.3175366091531739,0.2503920262255876,0.06973531609930769,0.36233604852193074,0.0
2016-Q4,H,0.0,0.01586369809780344,0.6283240952544326,0.07088689094162723,0.2849253157061368,0.0,0.13470857615314208,0.038964643845428866,0.19032498999432096,0.6360017900071081
2016-Q4,F,0.007961125960691944,0.0,0.5867584527768045,0.10896150269855966,0.29631891856394393,0.1601384559673645,0.0,0.037819519575517456,0.18473156622076548,0.6173104582363526
2016-Q4,B,0.4476596648081925,0.24226758735039552,0.0,0.11322077660004778,0.19685197124136425,0.1465221345627766,0.11963221466826,0.0,0.16902413127617305,0.5648215194927904
2016-Q4,K,0.23193648085930513,0.1504949335284394,0.31432436478198567,0.0,0.30324422083026986,0.169276315466243,0.13821052068712048,0.03997758619423516,0.0,0.6525355776524013
2016-Q4,D,0.2449958413411562,0.16786838938141177,0.34129002906700057,0.24584574021043154,0.0,0.311893711727969,0.2546545993645379,0.07365919862859564,0.3597924902788974,0.0
2017-Q1,H,0.0,0.019882041158637655,0.6252066447665654,0.07681978656195047,0.27809152751284644,0.0,0.12260774060404789,0.036933175150719325,0.11413142156269192,0.7263276626825409
2017-Q1,F,0.007067824060826359,0.0,0.6004443508710765,0.10795991940042067,0.28452790566767633,0.1533301192405531,0.0,0.035639939452458275,0.11013504626986036,0.7008948950371283
2017-Q1,B,0.41982991333327824,0.24131457902026845,0.0,0.12161901155970337,0.21723649608674983,0.14162160635136511,0.10927988869833796,0.0,0.10172497253360437,0.6473735324166926
2017-Q1,K,0.23564250649175306,0.16473316006350658,0.30492038777571834,0.0,0.29470394566902197,0.15208612831919824,0.11735465797534307,0.035350787123248004,0.0,0.6952084265822106
2017-Q1,D,0.23395585580733086,0.21113745558107833,0.30195070208191666,0.2529559865296741,0.0,0.3673284496959434,0.283442711410248,0.0853815530254039,0.2638472858684047,0.0
2017-Q2,H,0.0,0.018845266211340975,0.6330475969250869,0.08116699194182525,0.2669401449217469,0.0,0.12051967528994481,0.03870455907536371,0.10335939148453727,0.7374163741501542
2017-Q2,F,0.006968407880490543,0.0,0.6061805071839691,0.11216505102122674,0.2746860339143137,0.13707491675067204,0.0,0.037975988687692024,0.10141376560163366,0.7235353289600023
2017-Q2,B,0.4212460034713832,0.23166379711960533,0.0,0.13322973387113807,0.21386046553787338,0.12688890514296483,0.10946381431186637,0.0,0.09387772751321748,0.6697695530319514
2017-Q2,K,0.24227579409304648,0.16238584752263735,0.2947810635870839,0.0,0.3005572947972324,0.1348051670365929,0.11629297105328426,0.0373471647459453,0.0,0.7115546971641776
2017-Q2,D,0.24559978562981086,0.21936405096229,0.2869918133024813,0.2480443501054178,0.0,0.34727505833558653,0.29958531408210237,0.09621099176633396,0.2569286358159773,0.0
2017-Q3,H,0.0,0.016636724801655647,0.6368666543826672,0.07961686707831006,0.26687975373736705,0.0,0.11811380249733235,0.04006382386439823,0.09477784203411928,0.7470445316041501
2017-Q3,F,0.0075111261223052535,0.0,0.6045258584035966,0.11191594620586874,0.2760470692682294,0.1346069000701146,0.0,0.039314547418065955,0.09300530017913494,0.7330732523326845
2017-Q3,B,0.4231794016983682,0.23413368733358741,0.0,0.1328519594516509,0.20983495151639353,0.1250307589284063,0.10765918266275676,0.0,0.08638876060368651,0.6809212978051504
2017-Q3,K,0.23061237247074515,0.16259562224213564,0.30483754449568745,0.0,0.30195446079143184,0.13159347146301079,0.11331008227803237,0.03843441733704314,0.0,0.7166620289219137
2017-Q3,D,0.23357011044652756,0.21035734528569822,0.3084386816309357,0.24763386263683865,0.0,0.3516086654487797,0.3027567125385025,0.10269410812661597,0.24294051388610177,0.0
2017-Q4,H,0.0,0.01817842063118764,0.6251266120599958,0.0823776531944188,0.2743173141143978,0.0,0.12593223062298312,0.038441008990351036,0.08276939638442911,0.7528573640022367
2017-Q4,F,0.00721214457396542,0.0,0.5955810180193235,0.1122588217341072,0.284948015672604,0.13161800198117157,0.0,0.038190951963247774,0.082230985199639,0.7479600608559417
2017-Q4,B,0.41652533519343266,0.22560049271598762,0.0,0.13486518065561803,0.22300899143496158,0.12109239711280305,0.11510764911767446,0.0,0.07565490255805722,0.6881450512114652
2017-Q4,K,0.23750992355794015,0.16529742598134198,0.28873273544128025,0.0,0.30845991501943776,0.1262060272998473,0.11996854842532889,0.036620585736974756,0.0,0.7172048385378491
2017-Q4,D,0.26249287525080556,0.23318628887238996,0.2731154144152745,0.23120542146152995,0.0,0.3489777537599973,0.33173023069532415,0.10126116814929888,0.2180308473953797,0.0
2018-Q1,H,0.0,0.019823692321240618,0.6216185025014088,0.08056932185841059,0.27798848331893994,0.0,0.12943291843784957,0.03945434560904264,0.14328752225187466,0.6878252137012333
2018-Q1,F,0.00716186941139199,0.0,0.5975133949427616,0.10729829548261745,0.2880264401632289,0.13659349561553788,0.0,0.03912982623229134,0.14210895556423564,0.6821677225879351
2018-Q1,B,0.4068703756603954,0.2252285058189669,0.0,0.14213821162219464,0.225762906898443,0.12540274498586676,0.11785142606885037,0.0,0.13046633761382812,0.6262794913314547
2018-Q1,K,0.2333501934972524,0.16274677832815945,0.28739551075914577,0.0,0.31650751741544236,0.13849652752548958,0.13015674637985217,0.03967498621677926,0.0,0.691671739877879
2018-Q1,D,0.2837444503577807,0.2428877695186379,0.25368624048260296,0.21968153964097847,0.0,0.306125764825506,0.28769193166520735,0.08769559581786363,0.318486707691423,0.0
2018-Q2,H,0.0,0.02052840522561335,0.6028124237502129,0.08097501242111249,0.2956841586030612,0.0,0.14446414484430312,0.0422369355575421,0.15693098452459714,0.6563679350735575
2018-Q2,F,0.0071064318151106785,0.0,0.5800351987625185,0.10581847893833568,0.30703989048403524,0.13415512444006406,0.0,0.042745881416270594,0.15882196865082876,0.6642770254928366
2018-Q2,B,0.4069478320107119,0.23098080246965919,0.0,0.13490495899723878,0.22716640652239015,0.12157689720972974,0.13249690562033564,0.0,0.14393100701818787,0.6019951901517467
2018-Q2,K,0.2206335715218382,0.15582354763873246,0.29672922984311123,0.0,0.32681365099631815,0.1358693970985969,0.14807315449915914,0.04329210054940209,0.0,0.672765347852842
2018-Q2,D,0.2891723972359518,0.2532509196645208,0.2583334816049917,0.19924320149453575,0.0,0.2783717850544303,0.3033750735396252,0.08869767266242909,0.32955546874351554,0.0
2018-Q3,H,0.0,0.02280624808353414,0.5769003651957104,0.08242256338803075,0.31787082333272465,0.0,0.17647083933822588,0.051755975304948826,0.15870171749289433,0.613071467863931
2018-Q3,F,0.006472697294170064,0.0,0.5596434319550755,0.10404661753694776,0.3298372532138067,0.13739798671930245,0.0,0.054211569705047376,0.16623141906774438,0.6421590245079059
2018-Q3,B,0.37295941015852063,0.21988255729642817,0.0,0.14043479709046536,0.26672323545458576,0.12152316763825013,0.16348697161146794,0.0,0.14702521549593975,0.5679646452543421
2018-Q3,K,0.19297046252811137,0.14064500373243158,0.3056366061829558,0.0,0.3607479275565013,0.13488743627911437,0.1814661261246301,0.05322101021115653,0.0,0.630425427385099
2018-Q3,D,0.32393259969647575,0.27173293625393363,0.22340926466065872,0.18092519938893192,0.0,0.2531820341218894,0.3406096535290664,0.09989517181867315,0.30631314053037106,0.0
2018-Q4,H,0.0,0.021725588560304505,0.6034656910978945,0.07714175889076257,0.2976669614510383,0.0,0.1490865590242038,0.04595459944207832,0.1520007097238037,0.6529581318099142
2018-Q4,F,0.0070794913898322665,0.0,0.583974321365277,0.10203824975539041,0.3069079374895003,0.12380118374892599,0.0,0.04732016641583009,0.15651749698135067,0.6723611528538932
2018-Q4,B,0.39534392913405,0.22244597180568013,0.0,0.14711369860091433,0.23509640045935556,0.1119160784930135,0.13877890497115752,0.0,0.14149157501772924,0.6078134415180998
2018-Q4,K,0.18815517229808337,0.13481848781218073,0.33138582867050914,0.0,0.34564051121922684,0.12417379781820934,0.15397880196809055,0.047462589607866174,0.0,0.6743848106058338
2018-Q4,D,0.33584980022236455,0.2771132888743143,0.19981792233979584,0.18721898856352526,0.0,0.25729968500443995,0.31905843213197504,0.09834691029968755,0.3252949725638975,0.0
2019-Q1,H,0.0,0.023332728693647175,0.6053172230998876,0.07216651723716598,0.2991835309692992,0.0,0.15789806618114222,0.0502545286160347,0.1639364505657194,0.6279109546371038
2019-Q1,F,0.0071663907061545,0.0,0.5902486481526344,0.09177972280543238,0.3108052383357786,0.1429402449417971,0.0,0.051147173823601566,0.16684836897333372,0.6390642122612675
2019-Q1,B,0.3945960235367589,0.23973042348948495,0.0,0.14905835904771195,0.21661519392604436,0.12882657782934198,0.144835224608871,0.0,0.1503740559559986,0.5759641416057883
2019-Q1,K,0.18832637959133333,0.1462945453376793,0.3279557444939685,0.0,0.33742333057701873,0.14382413646375375,0.16169645627394902,0.05146344971450361,0.0,0.6430159575477936
2019-Q1,D,0.33189507013812425,0.2815366089227633,0.20612094523693253,0.18044737570217995,0.0,0.2740216465223211,0.30807297213412094,0.09805099180999384,0.3198543895335642,0.0
2019-Q2,H,0.0,0.022515852697301254,0.6135367105823119,0.06215257381363624,0.3017948629067505,0.0,0.16027350912422633,0.050273446582690264,0.15728747414614394,0.6321655701469393
2019-Q2,F,0.007208365433821825,0.0,0.5959260895088484,0.0845343500638272,0.3123311949935025,0.14230575939925363,0.0,0.05134915482320021,0.1606529770819673,0.6456921086955788
2019-Q2,B,0.4107679030727744,0.2342197727394421,0.0,0.13610525869362206,0.2189070654941614,0.12793210740470212,0.14716802519409253,0.0,0.14442615678872645,0.5804737106124789
2019-Q2,K,0.2001024183105865,0.14698198731696122,0.3399188501802401,0.0,0.31299674419221213,0.1418730568471479,0.16320514082047066,0.05119301981900735,0.0,0.643728782513374
2019-Q2,D,0.3469619637719423,0.2777589455732565,0.2051223189860808,0.17015677166872037,0.0,0.27471581770344333,0.3160221870894477,0.09912757653089159,0.31013441867621744,0.0
2019-Q3,H,0.0,0.023738304515944327,0.6323733914043173,0.05310387288912441,0.290784431190614,0.0,0.14859015064351339,0.04643537005344092,0.14341849951755922,0.6615559797854864
2019-Q3,F,0.007418801196697196,0.0,0.6153593684790062,0.07662632741556608,0.3005955029087306,0.13466172548268524,0.0,0.047195017803691355,0.14576471836705743,0.672378538346566
2019-Q3,B,0.4264698855914303,0.23968945321041055,0.0,0.1376278015440055,0.19621285965415367,0.12199543301999441,0.13681592917363486,0.0,0.1320540775226676,0.6091345602837032
2019-Q3,K,0.19535206712927122,0.14350679872838573,0.3629717722170579,0.0,0.2981693619252852,0.13395761006457668,0.15023131962538905,0.046948245830627934,0.0,0.6688628244794064
2019-Q3,D,0.3381490236092734,0.2694628769737751,0.2228075721309682,0.1695805272859834,0.0,0.2813409666654976,0.315519399506046,0.09860182530033867,0.30453780852811774,0.0
2019-Q4,H,0.0,0.023471296254794306,0.6418545118657154,0.047368244972968876,0.2873059469065215,0.0,0.15009619892223566,0.04694687966511246,0.14082423592861215,0.6621326854840397
2019-Q4,F,0.007577083665797524,0.0,0.6205120983319204,0.07480124955017046,0.29710956845211156,0.1467738008720448,0.0,0.04713040187228946,0.14137473842816037,0.6647210588275053
2019-Q4,B,0.4349139247386868,0.2476215637000512,0.0,0.13360895611360013,0.18385555544766183,0.13300118923758736,0.13654351807778575,0.0,0.1281087512034273,0.6023465414811996
2019-Q4,K,0.18637655053821514,0.14178313267711365,0.3879370027795977,0.0,0.2839033140050734,0.145420199343607,0.14929329378009404,0.04669574811507133,0.0,0.6585907587612276
2019-Q4,D,0.3224872085274491,0.26709920794760295,0.2391670703614218,0.17124651316352613,0.0,0.3020273903794765,0.3100715315003494,0.09698374097045527,0.29091733714971885,0.0
2020-Q1,H,0.0,0.022661071838694903,0.622748969686281,0.07833017699182933,0.27625978148319474,0.0,0.19405553160714709,0.07361511717034072,0.09034437675306527,0.6419849744694468
2020-Q1,F,0.006874747055177102,0.0,0.6097356831009088,0.09788441289196384,0.28550515695195033,0.178234457506259,0.0,0.07506021701204571,0.09211787993506375,0.6545874455466315
2020-Q1,B,0.45207223118236106,0.2486515234139285,0.0,0.12699938013649908,0.1722768652672113,0.15874038893700637,0.1762238180590746,0.0,0.0820426549026356,0.5829931381012834
2020-Q1,K,0.1945079036096818,0.14480622780975078,0.39620925207437957,0.0,0.26447661650618787,0.1611891768730171,0.17894231183744164,0.06788190547081398,0.0,0.5919866058187273
2020-Q1,D,0.3025036410060125,0.25241732742647205,0.2825589835046316,0.16252004806288367,0.0,0.32807259868066213,0.3642060242337661,0.13816183917080974,0.16955953791476214,0.0
2020-Q2,H,0.0,0.021743335619209124,0.6179830709116108,0.10156831612181315,0.25870527734736715,0.0,0.17132644050529777,0.07247446974722078,0.07295328354841225,0.6832458061990692
2020-Q2,F,0.0069154738077592676,0.0,0.609547325984943,0.11788195666388385,0.2656552435434138,0.18269753035941433,0.0,0.07147997233846118,0.07195221583860423,0.6738702814635203
2020-Q2,B,0.4465009105346815,0.2516378239839895,0.0,0.1388729783171058,0.1629882871642232,0.16646767752815947,0.1539646308347927,0.0,0.06556037314841619,0.6140073184886318
2020-Q2,K,0.19387297621228572,0.14456633638270025,0.4204722260119362,0.0,0.24108846139307788,0.16653933806660032,0.15403090909679704,0.06515811820141994,0.0,0.6142716346351826
2020-Q2,D,0.34570985863662623,0.26515502766902105,0.23150491931913814,0.15763019437521464,0.0,0.3690074881889494,0.34129209068033706,0.14437329829550138,0.14532712283521204,0.0
2020-Q3,H,0.0,0.02249960428055997,0.6035883468788009,0.10614900523793187,0.2677630436027072,0.0,0.15994780845798479,0.07111526043228202,0.06231305341491044,0.7066238776948227
2020-Q3,F,0.006738687903266144,0.0,0.5954652260021216,0.12097406728899299,0.2768220188056193,0.16672713738287717,0.0,0.07054135115985354,0.06181017908202092,0.7009213323752483
2020-Q3,B,0.44098839817955265,0.24762504841772098,0.0,0.1423500597794754,0.16903649362325102,0.15322556583176972,0.1458089569503415,0.0,0.05680478782680959,0.6441606893910793
2020-Q3,K,0.1933899860886304,0.13524145862163728,0.43133346322050425,0.0,0.24003509206922802,0.15200585242662454,0.14464828158642848,0.06431285501984883,0.0,0.6390330109670982
2020-Q3,D,0.3448639074733126,0.29023924317657507,0.2014011119785222,0.1634957373715902,0.0,0.3642432649448551,0.3466127225538,0.15410935774109552,0.13503465476024937,0.0
2020-Q4,H,0.0,0.02128325110122504,0.610957997476144,0.1124776249286013,0.25528112649402973,0.0,0.1354439166994608,0.06759775924363456,0.055438525245881116,0.7415197988110236
2020-Q4,F,0.006824505498135995,0.0,0.5972209635178252,0.13162263735951615,0.2643318936245226,0.15611098603755783,0.0,0.06598184605492066,0.05411327652299384,0.7237938913845278
2020-Q4,B,0.4359916103037532,0.24374165052022886,0.0,0.153101891199937,0.16716484797608094,0.14641476948888224,0.12399469006364955,0.0,0.05075224434554619,0.678838296101922
2020-Q4,K,0.20318094082453297,0.13686322673148346,0.41458093542162494,0.0,0.24537489702235854,0.14480291033364978,0.12262965034069673,0.061202376465937715,0.0,0.6713650628597158
2020-Q4,D,0.34690587508154425,0.2930436649720553,0.17964802369133132,0.18040243625506905,0.0,0.38223873506598316,0.3237075989688796,0.1615569667036987,0.1324966992614385,0.0
2021-Q1,H,0.0,0.023562404247994752,0.5889714539798291,0.12136293573431871,0.26610320603785753,0.0,0.14671469938931625,0.07993701599319829,0.18524601555390174,0.5881022690635838
2021-Q1,F,0.006836402246599153,0.0,0.5799475012503654,0.13587056141732118,0.27734553508571425,0.17426020171667733,0.0,0.07735651301429186,0.17926595876759308,0.5691173265014378
2021-Q1,B,0.42303430325430974,0.2405702411298638,0.0,0.16066739965099053,0.17572805596483573,0.1636827005221865,0.13336048001042625,0.0,0.1683846107930355,0.5345722086743518
2021-Q1,K,0.20454196123347423,0.13807617168217293,0.40917839854018595,0.0,0.2482034685441669,0.18100958948530224,0.14747756276771656,0.080352659567657,0.0,0.5911601881793243
2021-Q1,D,0.34844449751756673,0.28719648556043403,0.18906536512396402,0.1752936517980351,0.0,0.3041927260112679,0.24784102307161068,0.13503535710811435,0.31293089380900696,0.0
2021-Q2,H,0.0,0.023889740412437473,0.5897885893521996,0.11431715475334583,0.27200451548201704,0.0,0.16268653578250952,0.09310985001326036,0.19480674608234547,0.5493968681218846
2021-Q2,F,0.007190190536304485,0.0,0.5755178433767534,0.131821034134755,0.28547093195218715,0.18451485357582462,0.0,0.0906825256208636,0.18972823756255108,0.5350743832407606
2021-Q2,B,0.43358074618954595,0.23625154380644964,0.0,0.16178561601774383,0.16838209398626042,0.17280508692524987,0.14839005013673695,0.0,0.17768761673540825,0.501117246202605
2021-Q2,K,0.20725012209652874,0.13409320387848875,0.4082532650568814,0.0,0.2504034089681011,0.19047340519829153,0.16356207244822474,0.0936109430338582,0.0,0.5523535793196255
2021-Q2,D,0.35316770495684796,0.28600307557584675,0.17898946152010045,0.18183975794720497,0.0,0.2959952473248686,0.2541750961866807,0.14547119691998647,0.30435845956846425,0.0
2021-Q3,H,0.0,0.02448152830825495,0.5947081154396758,0.1147685310769636,0.26604182517510566,0.0,0.15765688963156477,0.0904984417426409,0.18070784309268742,0.5711368255331069
2021-Q3,F,0.007102622482080297,0.0,0.5777104514411352,0.1356871084511938,0.27949981762559056,0.17975373501239295,0.0,0.08812443280284159,0.17596740749254874,0.5561544246922167
2021-Q3,B,0.4200434677801746,0.2350515792886793,0.0,0.18777078948341905,0.15713416344772704,0.16872000236063345,0.14409762979611324,0.0,0.16516608906897248,0.5220162787742809
2021-Q3,K,0.21264770569025654,0.14532175133187022,0.40197203936250187,0.0,0.24005850361537143,0.1838811811264163,0.15704624225757333,0.09014791703084678,0.0,0.5689246595851636
2021-Q3,D,0.3387502646212539,0.2783620690075295,0.17486500250208697,0.2080226638691295,0.0,0.300910195196286,0.25699647524061237,0.1475214980897995,0.29457183147330224,0.0
2021-Q4,H,0.0,0.022312492326518607,0.5443579445577151,0.13472858386922681,0.29860097924653944,0.0,0.16767366292414115,0.10257850138837744,0.1736950578833458,0.5560527778041355
2021-Q4,F,0.006440002215159399,0.0,0.5282224101456088,0.1525735759869259,0.31276401165230594,0.17524295714260485,0.0,0.10164563789131986,0.17211545029573647,0.5509959546703388
2021-Q4,B,0.40358071787360683,0.2304631240003024,0.0,0.18252633320667785,0.1834298249194129,0.16462417487391243,0.15608108869006074,0.0,0.16168617814940356,0.5176085582866232
2021-Q4,K,0.22119726677438903,0.15206120234017984,0.39113183396663465,0.0,0.23560969691879652,0.17629484422498914,0.1671461147073692,0.102255760747165,0.0,0.5543032803204767
2021-Q4,D,0.3418012011324916,0.28470003637904073,0.17384417806637467,0.199654584422093,0.0,0.2848770907399608,0.2700935418483084,0.16523638998697804,0.2797929774247527,0.0
2022-Q1,H,0.0,0.0251097459994719,0.5635056405349378,0.11052301625860048,0.30086159720698996,0.0,0.19070946261910687,0.10232019071794264,0.17137497124734416,0.5355953754156063
2022-Q1,F,0.006875307205523829,0.0,0.546711982726849,0.13120574674134267,0.31520696332628456,0.19876286698932255,0.0,0.10130198300016065,0.16966958624821207,0.5302655637623048
2022-Q1,B,0.4137307202261437,0.23922713702251913,0.0,0.1712301375634896,0.1758120051878475,0.18276882329739585,0.1736183847882042,0.0,0.15601661969188435,0.48759617222251556
2022-Q1,K,0.20035116019355817,0.13706289356046827,0.4392855807375111,0.0,0.2233003655084625,0.19502959293679534,0.18526531112196437,0.09939927315132169,0.0,0.5203058227899185
2022-Q1,D,0.33779694602947274,0.28993742513330156,0.18004268453754618,0.19222294429967945,0.0,0.3018207277690957,0.28670987920956503,0.1538267116825374,0.257642681338802,0.0
2022-Q2,H,0.0,0.025146935500947255,0.5526366172211413,0.1300746248887927,0.2921418223891188,0.0,0.21513619125828162,0.10820367723134841,0.1666828977010908,0.5099772338092792
2022-Q2,F,0.0073574228315529755,0.0,0.5282363741999543,0.15780437549867743,0.3066018274698153,0.2120811713662951,0.0,0.10862485143080325,0.16733169761065367,0.511962279592248
2022-Q2,B,0.40221637925645215,0.24117658314679674,0.0,0.18271676724324246,0.17389027035350868,0.1915215718799539,0.1950366527642103,0.0,0.1511102072158145,0.46233156814002135
2022-Q2,K,0.21306639581133954,0.14337605305548787,0.4453048711800996,0.0,0.19825267995307305,0.2022436568197773,0.20595552491417093,0.1035862214139111,0.0,0.4882145968521406
2022-Q2,D,0.3204357445207777,0.2908201998565008,0.1820977471812644,0.20664630844145712,0.0,0.30124682331394254,0.30677574070784086,0.1542941847013908,0.2376832512768257,0.0
2022-Q3,H,0.0,0.024890143033717033,0.5837617234541819,0.0949439606746667,0.2964041728374343,0.0,0.2161153695743334,0.10561757565013109,0.145328548245458,0.5329385065300776
2022-Q3,F,0.008508799634637127,0.0,0.5504984890616593,0.13091318979883104,0.31007952150487267,0.2211084492205195,0.0,0.10494482745889301,0.1444028546062548,0.5295438687143326
2022-Q3,B,0.4059925842341373,0.25369860831183894,0.0,0.1769016911040826,0.16340711634994115,0.199233783126545,0.19349428408999,0.0,0.13011681425517702,0.47715511852828807
2022-Q3,K,0.20235252221404496,0.14062175299888252,0.4646195627825767,0.0,0.19240616200449573,0.20657855384672852,0.20062746767966452,0.0980484950556139,0.0,0.49474548341799307
2022-Q3,D,0.329018505430905,0.29287287658375,0.17262495318720328,0.20548366479814179,0.0,0.3226942334863276,0.3133981030152205,0.1531605453097249,0.21074711818872713,0.0
2022-Q4,H,0.0,0.021206659225564785,0.6062847382276406,0.08492635412859428,0.28758224841820035,0.0,0.13419517694911795,0.0794500420415972,0.14911320335916298,0.6372415776501219
2022-Q4,F,0.010252966657711655,0.0,0.5721777755429259,0.12016293702921994,0.2974063207701425,0.18477381490612296,0.0,0.07480872473184758,0.14040229932338222,0.6000151610386473
2022-Q4,B,0.3992250600644092,0.2584981985714074,0.0,0.19091408098068274,0.15136266038350063,0.1757161682499546,0.1201617725379253,0.0,0.1335197525857349,0.5706023066263852
2022-Q4,K,0.19309642044729938,0.14792389601614214,0.4650216157403142,0.0,0.19395806779624433,0.18740622473470198,0.12815590263002669,0.07587449924295796,0.0,0.6085633733923134
2022-Q4,D,0.31459544186826954,0.30398126167872236,0.15386976040920372,0.22755353604380438,0.0,0.35105370362930693,0.2400646207131934,0.1421298785991032,0.26675179705839663,0.0
2023-Q1,H,0.0,0.020880445021038575,0.6108232938150396,0.09788497798777578,0.270411283176146,0.0,0.16594968799801954,0.10093319819091856,0.17833625620704627,0.5547808576040156
2023-Q1,F,0.008123612363836711,0.0,0.5803242683561002,0.13007254183938075,0.2814795774406824,0.2164274299718528,0.0,0.09482459795234822,0.16754312850736222,0.5212048435684368
2023-Q1,B,0.4203613248038612,0.2552306597274673,0.0,0.17740285884948984,0.14700515661918176,0.20396869327507366,0.14693140345283182,0.0,0.15789843733443965,0.4912014659376549
2023-Q1,K,0.18846787383216654,0.13534692324106531,0.4870232113134762,0.0,0.1891619916132919,0.2189756314380381,0.1577418393604667,0.09594105615528503,0.0,0.52734147304621
2023-Q1,D,0.32851305135170183,0.2954436110277018,0.16367828689042535,0.212365050730171,0.0,0.340990962433745,0.24563711161081814,0.14940033674275646,0.2639715892126803,0.0
2023-Q2,H,0.0,0.02929265276949546,0.5827280931947588,0.09370463261883653,0.2942746214169092,0.0,0.19393243243473285,0.11672227108403913,0.16181881718877758,0.5275264792924504
2023-Q2,F,0.007577261511729988,0.0,0.5586427345491437,0.12781078959910847,0.30596921434001784,0.23287224025301942,0.0,0.11108360878448144,0.15400161439305382,0.5020425365694453
2023-Q2,B,0.4225049875644377,0.24295875713041848,0.0,0.17757904154652407,0.15695721375861968,0.2169320181694284,0.17193038328334082,0.0,0.1434601263565681,0.46767747219066275
2023-Q2,K,0.1915396239340048,0.12608602866529928,0.473901861848873,0.0,0.20847248555182302,0.22596620265632567,0.17909046419067623,0.1077893235669367,0.0,0.4871540095860616
2023-Q2,D,0.3352077800996155,0.28568806129555935,0.16815805215509763,0.21094610644972764,0.0,0.34119408099112153,0.2704148037427781,0.1627547782046426,0.2256363370614578,0.0
2023-Q3,H,0.0,0.02123158331573219,0.5967069043161296,0.08666954200588818,0.29539197036225,0.0,0.19762058320888753,0.10174302931053819,0.11736437227809775,0.5832720152024766
2023-Q3,F,0.008956652167026232,0.0,0.5491115371538378,0.13533808526810193,0.3065937254110341,0.23740270094848245,0.0,0.09669859137193561,0.11154542530775634,0.5543532823718255
2023-Q3,B,0.41686912258242786,0.2406783642327879,0.0,0.19403362630694768,0.14841888687783664,0.2175762945057736,0.17213674264898404,0.0,0.10222984073293585,0.5080571221123066
2023-Q3,K,0.21059226029113426,0.13871895169357082,0.44736747718605185,0.0,0.20332131082924315,0.22057767689402247,0.17451130366874384,0.08984544218970168,0.0,0.5150655772475319
2023-Q3,D,0.33482187066551966,0.28404282561243177,0.141107739059395,0.24002756466265354,0.0,0.3747659512798786,0.29649824791622365,0.15264923035055028,0.1760865704533475,0.0
2023-Q4,H,0.0,0.022746065280430796,0.61175609076827,0.06254437226558339,0.30295347168571585,0.0,0.18389944352398369,0.0961345763163841,0.19980224899706814,0.5201637311625642
2023-Q4,F,0.010409388740998279,0.0,0.5613021053301848,0.1153875025712712,0.3129010033575457,0.2045807192951117,0.0,0.09369837446826279,0.19473894475298947,0.5069819614836361
2023-Q4,B,0.4143028363970358,0.24300807559868395,0.0,0.19838032980233303,0.14430875820194713,0.18845972948723627,0.165115071595924,0.0,0.17939348818026749,0.46703171073657224
2023-Q4,K,0.20135997873799652,0.1373865007284597,0.44492240258968996,0.0,0.21633111794385382,0.2078016032692211,0.18206105195470426,0.09517354570514551,0.0,0.5149637990709292
2023-Q4,D,0.3274268125736193,0.28390618715954974,0.14471190970575934,0.2439550905610717,0.0,0.3043191287321415,0.26662287410329666,0.13937876345359484,0.28967923371096693,0.0
2024-Q1,H,0.0,0.02589237004470343,0.590693994250267,0.09218300202710948,0.2912306336779201,0.0,0.18526564703653373,0.09382553967902396,0.17333101996130326,0.5475777933231389
2024-Q1,F,0.011328367880964214,0.0,0.5509776826423858,0.13809767121936262,0.29959627825728746,0.22377891162462232,0.0,0.08939031754602464,0.16513749846707426,0.5216932723622788
2024-Q1,B,0.43125061695879957,0.24317169139126105,0.0,0.16416267562424114,0.16141501602569822,0.20584608507547575,0.16236325932533302,0.0,0.1519039810848038,0.4798866745143873
2024-Q1,K,0.21166324740707956,0.13813871752027873,0.43679971121517003,0.0,0.21339832385747176,0.22126304767530236,0.17452355032958894,0.08838533510286413,0.0,0.5158280668922446
2024-Q1,D,0.32245824339125906,0.2831583756501172,0.18391076394472358,0.21047261701390002,0.0,0.34174387706973747,0.2695540685904894,0.13651238836087085,0.25218966597890224,0.0
2024-Q2,H,0.0,0.02664508219084265,0.5980618809415731,0.08617273098923778,0.2891203058783465,0.0,0.20320560466734666,0.09856157130048883,0.16054939257915724,0.5376834314530072
2024-Q2,F,0.010789658452359354,0.0,0.571031201531294,0.11816174107474414,0.3000173989416024,0.24061073147765566,0.0,0.09393464609278962,0.1530124791370963,0.5124421432924583
2024-Q2,B,0.43192097431099186,0.23110108122713738,0.0,0.17479487832735457,0.16218306613451614,0.21879041946039798,0.1761031703679355,0.0,0.1391362067996107,0.46597020337205575
2024-Q2,K,0.21877415271044526,0.14795348006103917,0.4059929207917968,0.0,0.22727944643671888,0.23121113483814085,0.18610053387979714,0.09026503510609181,0.0,0.4924232961759701
2024-Q2,D,0.334435150278997,0.2763430237563912,0.17659809738805013,0.21262372857656173,0.0,0.35320350690953056,0.28429150373789497,0.13789096694284395,0.22461402240973047,0.0
2024-Q3,H,0.0,0.02649462451779209,0.6177623626511692,0.0676453940884148,0.2880976187426238,0.0,0.23071302963854845,0.11255582791336222,0.17227149276882334,0.48445964967926597
2024-Q3,F,0.011507448419523645,0.0,0.5866536437851286,0.10282335515172822,0.2990155526436196,0.2716944580575754,0.0,0.1065597578088491,0.16309425186712534,0.4586515322664501
2024-Q3,B,0.43449361096016115,0.23696063829394395,0.0,0.16545510489549456,0.16309064585040026,0.24435971221933356,0.1964473547681402,0.0,0.1466855994627346,0.41250733354979163
2024-Q3,K,0.21743060859007166,0.14559472166179002,0.41280890099062056,0.0,0.2241657687575177,0.25745019170897815,0.20697114383726076,0.10097309408695011,0.0,0.434605570366811
2024-Q3,D,0.32840232446643836,0.2749966350556697,0.19713753471132375,0.1994635057665682,0.0,0.35760047700311415,0.2874846558504369,0.1402524751303748,0.2146623920160741,0.0
2024-Q4,H,0.0,0.02391822740158,0.6257511616213906,0.06741608792013459,0.28291452305689496,0.0,0.21988720647945206,0.11022114157045439,0.20275558484119394,0.46713606710889954
2024-Q4,F,0.013859820012017963,0.0,0.583447254846257,0.11057904962676554,0.2921138755149595,0.26201237900436325,0.0,0.1042693296746458,0.19180702193751484,0.44191126938347614
2024-Q4,B,0.43516818218353565,0.23707894304221097,0.0,0.16274248263101457,0.16501039214323876,0.23738505055227552,0.18846173885216747,0.0,0.1737785053207739,0.4003747052747832
2024-Q4,K,0.22405054268955837,0.14827934298030618,0.41023174787687017,0.0,0.2174383664532652,0.2578337869094579,0.2046961411544113,0.10260643497335271,0.0,0.4348636369627781
2024-Q4,D,0.3225529945609032,0.2690473727005399,0.2056470447257688,0.20275258801278814,0.0,0.34200704464932585,0.2715219100122267,0.13610366588441997,0.25036737945402743,0.0
2025-Q1,H,0.0,0.025650719500333003,0.5982818207029204,0.08771215188336633,0.28835530791338027,0.0,0.22781922141498462,0.11626420123297557,0.19982614120278586,0.45609043614925393
2025-Q1,F,0.014085046457657551,0.0,0.5655587907705356,0.12482501316333033,0.29553114960847643,0.27065480425532673,0.0,0.10981461719592223,0.188741082544834,0.4307894960039171
2025-Q1,B,0.4506224606657288,0.23376748762783983,0.0,0.14248094681925347,0.17312910488717806,0.24485522439030544,0.19466960043376846,0.0,0.17074974983480257,0.3897254253411234
2025-Q1,K,0.2355645834204755,0.14624971564000228,0.40857340849198825,0.0,0.20961229244753388,0.26368297224877907,0.20963840561978478,0.10698588830984247,0.0,0.41969273382159367
2025-Q1,D,0.3345692227550661,0.2654792304164535,0.2199014686315454,0.18005007819693508,0.0,0.34505053081617465,0.27432883709425127,0.1399997020525168,0.24062093003705728,0.0
2025-Q2,H,0.0,0.024783876221011338,0.6025272778559567,0.08551596279563554,0.28717288312739636,0.0,0.2416139122554038,0.12235716348727754,0.20148436575516676,0.4345445585021519
2025-Q2,F,0.014054434077835864,0.0,0.5704652169769479,0.12087674806286222,0.2946036008823541,0.2853059487647237,0.0,0.11530793916650736,0.1898764757807971,0.4095096362879718
2025-Q2,B,0.44390255985615645,0.22770687694588157,0.0,0.1538143509371853,0.1745762122607767,0.25648103405131006,0.20468978806089888,0.0,0.17069295281479524,0.3681362250729957
2025-Q2,K,0.22269501880509676,0.13913063968014136,0.43632430260048766,0.0,0.2018500389142742,0.2749095278654244,0.21939701390722802,0.11110616954412073,0.0,0.39458728868322696
2025-Q2,D,0.3368692220794626,0.2732140336579244,0.1976953800069586,0.19222136425565434,0.0,0.3487061498940159,0.2782918751920619,0.14093147266313755,0.23207050225078482,0.0
2025-Q3,H,0.0,0.024825355242862248,0.5983280887173315,0.09200031494074365,0.2848462410990626,0.0,0.24837824230906272,0.1337295001837189,0.1855039634050261,0.4323882941021922
2025-Q3,F,0.01384714813883505,0.0,0.566883476474246,0.1283963297020419,0.29087304568487704,0.3045002114953201,0.0,0.1237442079648495,0.1716527841228713,0.4001027964169591
2025-Q3,B,0.4333731491809929,0.23005558398482967,0.0,0.16511284240303684,0.1714584244311405,0.27529470080747076,0.20778847766797845,0.0,0.15518906084110057,0.3617277606834503
2025-Q3,K,0.22726305342160158,0.1448626747622981,0.43075501521874787,0.0,0.19711925659735238,0.28775853703271664,0.21719600185042928,0.11694064866284865,0.0,0.3781048124540055
2025-Q3,D,0.30061064554936223,0.25515807757084624,0.25275191843761124,0.19147935844218017,0.0,0.3669872916537384,0.27699672544570586,0.14913799736245845,0.2068779855380972,0.0
2025-Q4,H,0.0,0.024208443976288088,0.611084758576698,0.07409191735028951,0.29061488009672437,0.0,0.22930314783778014,0.13968883624129685,0.18145506443807063,0.44955295148285235
2025-Q4,F,0.013249395488154061,0.0,0.5754035729137521,0.11660088815015147,0.2947461434479425,0.28827113306411756,0.0,0.1290008864869267,0.1675714738550692,0.41515650659388653
2025-Q4,B,0.43780654879684555,0.23669724358582922,0.0,0.1584306383140785,0.16706556930324665,0.2662378991022714,0.1955733769219148,0.0,0.15476359590511532,0.38342512807069845
2025-Q4,K,0.21636731504530696,0.14694047277085473,0.43808874965594846,0.0,0.1986034625278898,0.27607229765578434,0.20279754200732095,0.12354192649653084,0.0,0.3975882338403639
2025-Q4,D,0.2980405107982917,0.2672492003821179,0.23680164879579835,0.19790864002379202,0.0,0.3618759520703618,0.26582730036510355,0.1619389292267226,0.21035781833781209,0.0
2026-Q1,H,0.0,0.02517364662010996,0.5872661057638857,0.10721796910049983,0.2803422785155045,0.0,0.22921072787153463,0.14682737136416932,0.17747101877885949,0.44649088198543646
2026-Q1,F,0.01324414012573872,0.0,0.5623922735365054,0.13844525782083345,0.28591832851692245,0.2957172921247023,0.0,0.13415855984738514,0.16215815942769282,0.4079659886002197
2026-Q1,B,0.4448131121052261,0.23273320745457834,0.0,0.15379112568978645,0.16866255475040906,0.27501549670495096,0.19477210135250514,0.0,0.15080621914041362,0.37940618280213034
2026-Q1,K,0.216871907692538,0.14217617851431172,0.44476871570721405,0.0,0.19618319808593615,0.2823682175638786,0.19997946206312048,0.12810246280446932,0.0,0.3895498575685316
2026-Q1,D,0.32961815942178363,0.2751466205696436,0.20462317080659398,0.19061204920197874,0.0,0.36896974686708395,0.2613125943586513,0.16739112383752033,0.2023265349367445,0.0
