"Donem","F","B","K","H","NPISH","D","Toplam_yerlesik","Kimlik_sapma"
"2010-Q4","-485175057.4388","-61703744.8093","-218004518.4362","299989799.3358","7764779.1133","465267210.6732","-457128742.2352","8138468"
"2011-Q4","-672546707.3802","26339808.6112","-241132411.482","315718274.3071","6570741.967","583727850.5752","-565050293.9768","18677557"
"2012-Q4","-760099324.5481","-8681999.372","-264405142.3005","329727918.0191","7650710.1167","730105660.1897","-695807838.0849","34297822"
"2013-Q4","-970007181.6771","48277632.5779","-244788252.0653","367928804.2982","1349696.4813","840089579.5151","-797239300.3851","42850279"
"2014-Q4","-1167175732.8683","30807310.2135","-292261125.752","447389245.9628","4185221.8175","1024362258.4255","-977055080.6264","47307178"
"2015-Q1","-1204819394.8416","125509510.1876","-328276332.1182","489840149.5539","-405628.9803","969086052.1976","-918151696.1986","50934356"
"2015-Q2","-1353896214.7316","124932262.9042","-325681996.3018","516672039.5471","-208682.6444","1088822891.2255","-1038182591.2265","50640300"
"2015-Q3","-1400051922.9301","180541226.9508","-355433276.7563","569050049.0097","-5447997.05","1066551935.7748","-1011341920.7758","55210015"
"2015-Q4","-1449150313.2883","140654376.3336","-301864960.3366","554491927.5789","-5288674.6978","1112349120.4146","-1061157644.4103","51191476"
"2016-Q1","-1483228690.3664","122048482.3753","-318459243.8988","588128738.5304","-1780571.1004","1146762520.5582","-1093291284.4599","53471236"
"2016-Q2","-1505298021.7392","144525186.9477","-339532706.2131","613149595.0504","-4519304.3361","1149881635.3885","-1091675250.2902","58206385"
"2016-Q3","-1529063615.7251","134576382.2156","-353539150.562","631530896.0547","-5696787.7984","1178627949.9135","-1122192275.8152","56435674"
"2016-Q4","-1683556564.1596","142224582.6411","-362089674.431","673939387.185","-1550087.593","1280481848.3575","-1231032356.3575","49449492"
"2017-Q1","-1710811032.5212","111504874.9588","-460522090.2727","688028155.3008","1069988.9403","1432956512.9891","-1370730103.5939","62226409"
"2017-Q2","-1784672770.9472","94048247.2442","-476275875.0903","707978699.4122","1259976.4262","1522586033.2646","-1457661722.9549","64924310"
"2017-Q3","-1851607197.589","89311210.3557","-495168162.5438","718374006.8873","257752.033","1611847049.1231","-1538832390.8567","73014658"
"2017-Q4","-2030879604.8827","113690139.3452","-543880798.98","769705980.4525","-473855.6316","1781542470.187","-1691838139.6966","89704330"
"2018-Q1","-2074044525.995","131500092.4618","-561098217.0799","810938548.7279","-1672812.5115","1795627745.3996","-1694376914.3966","101250831"
"2018-Q2","-2193566537.837","165053464.4634","-587259005.2485","876046666.6533","-2889580.1","1847848051.0717","-1742614992.0688","105233059"
"2018-Q3","-2405057158.1583","169134633.7358","-684011641.3462","1026903417.721","-3377819.5121","2003738435.5667","-1896408567.5598","107329868"
"2018-Q4","-2146422444.6223","58354014.5645","-690265607.9441","997820570.2088","-3303968.1751","1889721454.9754","-1783817435.9682","105904019"
"2019-Q1","-2181549534.792","145067839.8158","-728781143.1857","1108728032.4257","-4887071.0445","1776892195.7807","-1661421876.7807","115470319"
"2019-Q2","-2205489850.0519","129693636.6758","-835105801.2051","1211660343.2158","-5499937.306","1836523563.6714","-1704741608.6714","131781955"
"2019-Q3","-2203203046.9724","76139059.949","-859326554.5189","1256682793.0954","-3257870.8978","1879369727.3446","-1732965619.3446","146404108"
"2019-Q4","-2138182979.1566","-31066037.9095","-945778212.3978","1354878357.2247","1562082.7017","1919491365.5375","-1758586789.5375","160904576"
"2020-Q1","-2360013210.5511","201872255.3598","-982163596.5295","1524958473.8425","-653982.5788","1820653127.4572","-1616000060.4572","204653067"
"2020-Q2","-2725236502.3598","190424760.5397","-1156628572.6957","1727360527.5097","2354645.6816","2229035940.3245","-1961725141.3245","267310799"
"2020-Q3","-3026126766.2515","115959676.9956","-1286395662.8951","1875131913.4683","9131144.3057","2638834325.0069","-2312299694.377","326534631"
"2020-Q4","-3326543723.2883","90056856.4182","-1298351344.3074","1910694719.3258","2740617.1728","2941105921.6478","-2621402874.679","319703047"
"2021-Q1","-3753230645.9764","373500955.7667","-964031322.6038","2076290688.7132","-3659583.0512","2271129906.4707","-2271129907.1516","-1"
"2021-Q2","-3714307742.6424","456966796.8954","-1076564640.0907","2265648351.672","-7283020.9411","2075540254.6082","-2075540255.1066","0"
"2021-Q3","-3834480442.3258","544542451.1336","-1105119268.4839","2372541419.5809","-9124915.6635","2031640756.1604","-2031640755.7587","0"
"2021-Q4","-5086852994.1966","571163053.3838","-1426852393.5006","3258436777.6673","7362578.2083","2676742978.5738","-2676742978.4379","0"
"2022-Q1","-5513206992.0829","824403335.0711","-1809517909.7944","3727017548.2144","4177533.4303","2767126484.675","-2767126485.1615","0"
"2022-Q2","-5996537732.795","1099480510.4212","-1901181767.9719","4128525236.2602","-13386109.4912","2683099863.3195","-2683099863.5767","0"
"2022-Q3","-6657248533.2151","1176608518.536","-2328944643.0966","4813289360.6077","-17453811.9882","3013749107.3627","-3013749109.1562","-2"
"2022-Q4","-10436403099.552","1078558395.1106","-2269183632.6124","5647292887.7316","30835130.6384","5948900318.6838","-5948900318.6837","0"
"2023-Q1","-9478202117.5035","1249448117.2878","-2584622666.0623","5949687476.7352","36937398.5243","4826751791.0188","-4826751791.0186","0"
"2023-Q2","-10897764445.4293","966798121.1864","-3185425594.7767","7453314078.5099","43559081.9728","5619518758.5368","-5619518758.5368","0"
"2023-Q3","-14065180802.1244","77962170.8843","-3080707010.6625","9000079697.6307","77970429.9008","7989875514.3709","-7989875514.371","0"
"2023-Q4","-15726166125.9527","228812644.8894","-2352572098.7716","9637617179.1693","8831851.0934","8203476549.3183","-8203476549.5722","0"
"2024-Q1","-18154239713.818","-194333355.4031","-3079941398.7994","11091397581.6564","12603982.3648","10324512903.9834","-10324512903.9993","0"
"2024-Q2","-18046839862.0989","-1273719683.7253","-3921840335.2625","12366267464.013","31118823.4024","10845013593.6712","-10845013593.6712","0"
"2024-Q3","-17132120898.3557","-1532734107.9821","-4250424974.6114","13404069018.6019","4904106.4528","9506306855.8945","-9506306855.8945","0"
"2024-Q4","-19882907859.0409","-1716834297.4247","-3320937150.7805","14017218244.191","63040575.4638","10840420487.5912","-10840420487.5912","0"
"2025-Q1","-21243021359.2969","-1814591993.4656","-3901826540.2554","15928702823.4889","43485374.4643","10987251695.0646","-10987251695.0646","0"
"2025-Q2","-23004461319.0113","-2361629197.4915","-3863638740.5027","17105372356.8557","48449524.5774","12075907375.5723","-12075907375.5723","0"
"2025-Q3","-24480038912.4607","-2064653291.5539","-4517656734.1224","19046821564.3165","53867352.242","11961660021.5785","-11961660021.5784","0"
"2025-Q4","-27710224380.5408","-2088191471.0666","-4543929497.5767","20154745516.5918","54066639.1973","14133533193.3948","-14133533193.3949","0"
"2026-Q1","-30108159524.4445","-1963618422.212","-4958247126.577","21346203280.3202","49226568.0961","15634595224.8171","-15634595224.8171","0"
