kosu,sektor,sektor_ad,ortalama_yavas_periyot,buyuk_yavas,kucuk_yavas
iyi,tarim,Tarım,0.0,0.0,0.0
iyi,madencilik,Madencilik,0.0,0.0,0.0
iyi,gida,Gıda,0.0,0.0,0.0
iyi,tekstil,Tekstil,0.0,0.0,0.0
iyi,kimya,Kimya,0.0,0.0,0.0
iyi,metal,Metal,0.0,0.0,0.0
iyi,makine,Makine,0.0,0.0,0.0
iyi,otomotiv,Otomotiv,0.0,0.0,0.0
iyi,enerji,Enerji,0.0,0.0,0.0
iyi,insaat,İnşaat,0.0,0.0,0.0
iyi,toptan,Toptan,0.0,0.0,0.0
iyi,perakende,Perakende,0.0,0.0,0.0
iyi,tasimacilik,Taşımacılık,0.0,0.0,0.0
iyi,bilisim,Bilişim,0.0,0.0,0.0
iyi,finansal_hizmet,Finansal hizmet,0.0,0.0,0.0
iyi,gayrimenkul,Gayrimenkul,0.0,0.0,0.0
iyi,diger_hizmet,Diğer hizmet,0.0,0.0,0.0
baz,tarim,Tarım,0.0020833333333333333,0.0,0.0
baz,madencilik,Madencilik,0.0,0.0,0.0
baz,gida,Gıda,0.05104166666666666,0.012499999999999999,0.08035714285714286
baz,tekstil,Tekstil,0.08437499999999999,0.10208333333333332,0.0625
baz,kimya,Kimya,0.09062500000000001,0.04583333333333334,0.0625
baz,metal,Metal,0.04270833333333333,0.00625,0.0625
baz,makine,Makine,1.1572916666666666,0.15,1.2527777777777778
baz,otomotiv,Otomotiv,0.5677083333333334,0.1875,0.8575000000000002
baz,enerji,Enerji,0.15625,0.0125,0.25892857142857145
baz,insaat,İnşaat,0.6322916666666666,0.08125,0.9049999999999999
baz,toptan,Toptan,1.3395833333333333,0.4125,1.3515625
baz,perakende,Perakende,5.429166666666666,4.1375,5.8890625
baz,tasimacilik,Taşımacılık,0.6895833333333333,0.14583333333333334,1.9791666666666667
baz,bilisim,Bilişim,0.41041666666666665,0.020833333333333332,0.809375
baz,finansal_hizmet,Finansal hizmet,0.22916666666666666,0.21666666666666667,0.90625
baz,gayrimenkul,Gayrimenkul,0.09479166666666666,0.004166666666666667,0.17500000000000002
baz,diger_hizmet,Diğer hizmet,4.982291666666668,4.8125,5.245833333333334
kotu,tarim,Tarım,12.059375000000001,11.820833333333333,12.08392857142857
kotu,madencilik,Madencilik,11.991666666666665,11.4125,11.65625
kotu,gida,Gıda,15.78125,15.720833333333333,15.55892857142857
kotu,tekstil,Tekstil,16.110416666666666,16.064583333333335,16.3925
kotu,kimya,Kimya,15.039583333333331,15.049999999999999,15.15625
kotu,metal,Metal,14.636458333333332,14.287500000000001,14.794642857142858
kotu,makine,Makine,15.998958333333333,15.85625,15.972222222222221
kotu,otomotiv,Otomotiv,15.448958333333335,15.554166666666665,15.4175
kotu,enerji,Enerji,13.729166666666666,14.41,13.242857142857144
kotu,insaat,İnşaat,11.487500000000002,13.09375,12.145
kotu,toptan,Toptan,11.735416666666667,12.63125,11.503125
kotu,perakende,Perakende,10.987500000000002,12.0375,10.790624999999999
kotu,tasimacilik,Taşımacılık,15.570833333333333,14.979166666666666,15.145833333333334
kotu,bilisim,Bilişim,15.883333333333333,15.858333333333334,16.018749999999997
kotu,finansal_hizmet,Finansal hizmet,15.298958333333333,15.1,14.825
kotu,gayrimenkul,Gayrimenkul,11.008333333333333,10.570833333333333,11.385416666666666
kotu,diger_hizmet,Diğer hizmet,10.327083333333333,11.9875,9.990277777777779
