kons,eslesme,line_ay,p0,fx,valf,n,ust10,kalicilik,reel,erime,pi_periyot,yavas_kucuk,yavas_buyuk,kucuk_reel_pay,defter,fazla
0.1,False,0.0,0.0,False,False,50,0.09999999999999998,0.0,0.0,0.0,0.0,0.0,0.0,,0.04723686983379001,
0.1,False,0.0,0.0,False,True,50,0.09999999999999998,0.0,0.0,0.0,0.0,0.0,0.0,,0.04723686983379001,
0.1,False,0.0,0.0,True,False,50,0.09999999999999998,0.0,0.45408167359827367,0.0,0.0,0.0,0.0,0.06970350471427401,0.04723686983379001,0.02246663488048401
0.1,False,0.0,0.0,True,True,50,0.09999999999999998,0.0,0.45408167359827367,0.0,0.0,0.0,0.0,0.06970350471427401,0.04723686983379001,0.02246663488048401
0.4,False,0.0,0.0,False,False,50,0.40000000000000085,0.0,0.0,0.0,0.0,0.0,0.0,,0.04723686983379001,
0.4,False,0.0,0.0,False,True,50,0.40000000000000085,0.0,0.0,0.0,0.0,0.0,0.0,,0.04723686983379001,
0.4,False,0.0,0.0,True,False,50,0.40000000000000085,0.0,0.48961684349478574,0.0,0.0,0.0,0.0,0.08238510223125557,0.04723686983379001,0.03518137971670502
0.4,False,0.0,0.0,True,True,50,0.40000000000000085,0.0,0.48961684349478574,0.0,0.0,0.0,0.0,0.08238510223125557,0.04723686983379001,0.03518137971670502
0.7,False,0.0,0.0,False,False,50,0.6999999999999957,0.0,0.0,0.0,0.0,0.17738888888888887,0.0,,0.04723686983379001,
0.7,False,0.0,0.0,False,True,50,0.6999999999999957,0.0,0.0,0.0,0.0,0.17738888888888887,0.0,,0.04723686983379001,
0.7,False,0.0,0.0,True,False,50,0.6999999999999957,0.0,0.5583911144553033,0.0,0.0,0.0004,0.0,0.08023548505445975,0.04723686983379001,0.03300237584039144
0.7,False,0.0,0.0,True,True,50,0.6999999999999957,0.0,0.5583911144553033,0.0,0.0,0.0004,0.0,0.08023548505445975,0.04723686983379001,0.03300237584039144
0.1,True,0.0,0.0,False,False,50,0.09999999999999998,0.0,0.0,0.0,0.0,0.0,0.0,,0.04723686983379001,
0.1,True,0.0,0.0,False,True,50,0.09999999999999998,0.0,0.0,0.0,0.0,0.0,0.0,,0.04723686983379001,
0.1,True,0.0,0.0,True,False,50,0.09999999999999998,0.0,0.45408167359827367,0.0,0.0,0.0,0.0,0.06970350471427401,0.04723686983379001,0.02246663488048401
0.1,True,0.0,0.0,True,True,50,0.09999999999999998,0.0,0.45408167359827367,0.0,0.0,0.0,0.0,0.06970350471427401,0.04723686983379001,0.02246663488048401
0.4,True,0.0,0.0,False,False,50,0.40000000000000085,0.0,0.0,0.0,0.0,0.0,0.0,,0.02091189516645461,
0.4,True,0.0,0.0,False,True,50,0.40000000000000085,0.0,0.0,0.0,0.0,0.0,0.0,,0.02091189516645461,
0.4,True,0.0,0.0,True,False,50,0.40000000000000085,0.0,0.45408167359827334,0.0,0.0,0.0,0.0,0.030857937633214743,0.02091189516645461,0.009905296561744058
0.4,True,0.0,0.0,True,True,50,0.40000000000000085,0.0,0.45408167359827334,0.0,0.0,0.0,0.0,0.030857937633214743,0.02091189516645461,0.009905296561744058
0.7,True,0.0,0.0,False,False,50,0.6999999999999957,0.0,0.0,0.0,0.0,0.0,0.0,,0.007377565136076365,
0.7,True,0.0,0.0,False,True,50,0.6999999999999957,0.0,0.0,0.0,0.0,0.0,0.0,,0.007377565136076365,
0.7,True,0.0,0.0,True,False,50,0.6999999999999957,0.0,0.4540816735982732,0.0,0.0,0.0,0.0,0.010886456872603987,0.007377565136076365,0.003501831958020088
0.7,True,0.0,0.0,True,True,50,0.6999999999999957,0.0,0.4540816735982732,0.0,0.0,0.0,0.0,0.010886456872603987,0.007377565136076365,0.003501831958020088
0.7,False,1.0,0.0,False,False,50,0.6999999999999957,0.0,0.0,0.0,0.0,0.0,0.0,,0.04723686983379001,
0.7,False,1.0,0.0,False,True,50,0.6999999999999957,0.0,0.0,0.0,0.0,0.0,0.0,,0.04723686983379001,
0.7,False,1.0,0.0,True,False,50,0.6999999999999957,0.0,0.5583911144553033,0.0,0.0,0.0,0.0,0.08023548505445975,0.04723686983379001,0.03300237584039144
0.7,False,1.0,0.0,True,True,50,0.6999999999999957,0.0,0.5583911144553033,0.0,0.0,0.0,0.0,0.08023548505445975,0.04723686983379001,0.03300237584039144
0.7,False,1.0,0.5,False,False,50,0.6999999999999957,0.0,0.0,0.0,0.0,0.17738888888888887,0.0,,0.04723686983379001,
0.7,False,1.0,0.5,False,True,50,0.6999999999999957,0.0,0.0,0.0,0.0,0.17738888888888887,0.0,,0.04723686983379001,
0.7,False,1.0,0.5,True,False,50,0.6999999999999957,0.0,0.5583911144553033,0.0,0.0,0.0004,0.0,0.08023548505445975,0.04723686983379001,0.03300237584039144
0.7,False,1.0,0.5,True,True,50,0.6999999999999957,0.0,0.5583911144553033,0.0,0.0,0.0004,0.0,0.08023548505445975,0.04723686983379001,0.03300237584039144
