kosu,sektor,sektor_ad,ortalama_yavas_periyot
iyi,tarim,Tarım,0.0
iyi,madencilik,Madencilik,0.0
iyi,gida,Gıda,0.07777777777777778
iyi,tekstil,Tekstil,0.1486111111111111
iyi,kimya,Kimya,0.018055555555555557
iyi,metal,Metal,0.11527777777777777
iyi,makine,Makine,0.1013888888888889
iyi,otomotiv,Otomotiv,0.19444444444444442
iyi,enerji,Enerji,0.06666666666666667
iyi,insaat,İnşaat,0.5375
iyi,toptan,Toptan,1.4597222222222221
iyi,perakende,Perakende,1.573611111111111
iyi,tasimacilik,Taşımacılık,0.4694444444444444
iyi,bilisim,Bilişim,0.33055555555555555
iyi,finansal_hizmet,Finansal hizmet,0.25555555555555554
iyi,gayrimenkul,Gayrimenkul,0.20138888888888892
iyi,diger_hizmet,Diğer hizmet,1.622222222222222
baz,tarim,Tarım,0.0
baz,madencilik,Madencilik,0.001388888888888889
baz,gida,Gıda,0.2472222222222222
baz,tekstil,Tekstil,0.31249999999999994
baz,kimya,Kimya,0.15277777777777776
baz,metal,Metal,0.21388888888888888
baz,makine,Makine,1.5416666666666667
baz,otomotiv,Otomotiv,0.7333333333333331
baz,enerji,Enerji,0.2513888888888889
baz,insaat,İnşaat,1.5444444444444443
baz,toptan,Toptan,2.6166666666666667
baz,perakende,Perakende,5.345833333333334
baz,tasimacilik,Taşımacılık,0.9069444444444442
baz,bilisim,Bilişim,1.0597222222222222
baz,finansal_hizmet,Finansal hizmet,0.7986111111111112
baz,gayrimenkul,Gayrimenkul,0.723611111111111
baz,diger_hizmet,Diğer hizmet,4.911111111111111
kotu,tarim,Tarım,12.394444444444444
kotu,madencilik,Madencilik,12.325000000000001
kotu,gida,Gıda,15.965277777777779
kotu,tekstil,Tekstil,16.329166666666666
kotu,kimya,Kimya,15.240277777777779
kotu,metal,Metal,14.924999999999999
kotu,makine,Makine,16.41944444444444
kotu,otomotiv,Otomotiv,15.752777777777778
kotu,enerji,Enerji,14.06388888888889
kotu,insaat,İnşaat,11.868055555555557
kotu,toptan,Toptan,12.10138888888889
kotu,perakende,Perakende,11.515277777777778
kotu,tasimacilik,Taşımacılık,15.89722222222222
kotu,bilisim,Bilişim,16.279166666666665
kotu,finansal_hizmet,Finansal hizmet,15.6875
kotu,gayrimenkul,Gayrimenkul,10.905555555555553
kotu,diger_hizmet,Diğer hizmet,11.006944444444445
secim,tarim,Tarım,17.709722222222222
secim,madencilik,Madencilik,18.166666666666668
secim,gida,Gıda,4.908333333333332
secim,tekstil,Tekstil,5.772222222222222
secim,kimya,Kimya,7.030555555555556
secim,metal,Metal,8.605555555555556
secim,makine,Makine,5.758333333333334
secim,otomotiv,Otomotiv,4.811111111111111
secim,enerji,Enerji,9.54722222222222
secim,insaat,İnşaat,5.694444444444444
secim,toptan,Toptan,5.348611111111111
secim,perakende,Perakende,7.0125
secim,tasimacilik,Taşımacılık,5.954166666666666
secim,bilisim,Bilişim,6.122222222222221
secim,finansal_hizmet,Finansal hizmet,4.745833333333333
secim,gayrimenkul,Gayrimenkul,2.630555555555556
secim,diger_hizmet,Diğer hizmet,6.201388888888888
