kilit,kilit_esik,kilit_sure,gecikme,gecikme_alpha,banka,banka_carpan,n,kalicilik_ortalama,kalicilik_medyan,kalicilik_std,kalicilik_p25,kalicilik_p75,olasilik_en_az_4,hacim_bloke_ortalama,kilit_bloke_ortalama,yeni_tahsil_orani,ortalama_kilit_payi,yavas_kucuk,yavas_buyuk,yavas_sok_disi,yavas_sok,kucuk_odenmeyen_payi,arrears_orani
0,0.5,1,0,0.0,0,0.0,60,0.0,0.0,0.0,0.0,0.0,0.0,0.0,0.0,0.9845708175093184,0.0006740196078431372,0.45179738562091504,0.09575163398692811,0.0,1.3605442176870748,0.38862373319911103,0.01993762907641761
0,0.5,1,0,0.0,1,0.5,60,0.0,0.0,0.0,0.0,0.0,0.0,0.0,0.0,0.9933278466710641,0.0002791394335511982,0.26830065359477123,0.00065359477124183,0.0,0.6234693877551021,0.37790510349362516,0.008618119051148147
0,0.5,1,0,0.0,2,1.0,60,0.0,0.0,0.0,0.0,0.0,0.0,0.0,0.0,0.9945547458037179,0.00024509803921568627,0.21601307189542485,0.00065359477124183,0.0,0.511904761904762,0.3775765339182309,0.007052027905899334
0,0.5,1,0,0.0,3,2.0,60,0.0,0.0,0.0,0.0,0.0,0.0,0.0,0.0,0.9951586591041692,0.0002314814814814815,0.2031045751633987,0.00065359477124183,0.0,0.4840136054421769,0.37689783380138275,0.006303214933169124
0,0.5,1,0,0.0,4,4.0,60,0.0,0.0,0.0,0.0,0.0,0.0,0.0,0.0,0.9952917068637337,0.0002314814814814815,0.19901960784313727,0.00065359477124183,0.0,0.47551020408163264,0.3776735041054478,0.006140063475764628
0,0.5,1,1,0.05,0,0.0,60,0.0,0.0,0.0,0.0,0.0,0.0,0.0,0.0,0.9818580361319162,0.0010348583877995642,0.6101307189542485,0.180718954248366,0.0,2.093877551020408,0.39542359117313813,0.0298767629116075
0,0.5,1,1,0.05,1,0.5,60,0.0,0.0,0.0,0.0,0.0,0.0,0.0,0.0,0.993120972081694,0.0002791394335511982,0.272875816993464,0.00261437908496732,0.0,0.6632653061224489,0.3792566917690408,0.009283804959308245
0,0.5,1,1,0.05,2,1.0,60,0.0,0.0,0.0,0.0,0.0,0.0,0.0,0.0,0.9944805087346558,0.00024509803921568627,0.21862745098039216,0.00261437908496732,0.0,0.5272108843537415,0.37805185215421405,0.007276187508283099
0,0.5,1,1,0.05,3,2.0,60,0.0,0.0,0.0,0.0,0.0,0.0,0.0,0.0,0.9951139866368975,0.0002314814814814815,0.20571895424836603,0.0022875816993464053,0.0,0.4976190476190476,0.3771240586683578,0.00643975057811927
0,0.5,1,1,0.05,4,4.0,60,0.0,0.0,0.0,0.0,0.0,0.0,0.0,0.0,0.9952480921139959,0.0002314814814814815,0.20163398692810458,0.0022875816993464053,0.0,0.4891156462585034,0.37789773492189815,0.006271606663298657
0,0.5,1,2,0.15,0,0.0,60,0.0,0.0,0.0,0.0,0.0,0.0,0.0,0.0,0.9777846383198078,0.0026245915032679736,0.965359477124183,0.2852941176470588,0.0017204301075268817,3.21530612244898,0.40520135686527126,0.05185181753142663
0,0.5,1,2,0.15,1,0.5,60,0.0,0.0,0.0,0.0,0.0,0.0,0.0,0.0,0.9927726031794964,0.0002791394335511982,0.2915032679738562,0.006209150326797386,0.0,0.7238095238095237,0.3819845683362303,0.010795785379595161
0,0.5,1,2,0.15,2,1.0,60,0.0,0.0,0.0,0.0,0.0,0.0,0.0,0.0,0.994404825990462,0.00024509803921568627,0.2218954248366013,0.00588235294117647,0.0,0.5421768707482993,0.37888884256123856,0.007573458321590463
0,0.5,1,2,0.15,3,2.0,60,0.0,0.0,0.0,0.0,0.0,0.0,0.0,0.0,0.9950716136447441,0.0002314814814814815,0.20784313725490194,0.00588235294117647,0.0,0.5081632653061224,0.377798903870504,0.006602562729254368
0,0.5,1,2,0.15,4,4.0,60,0.0,0.0,0.0,0.0,0.0,0.0,0.0,0.0,0.9952177770092681,0.0002314814814814815,0.20375816993464055,0.00588235294117647,0.0,0.4989795918367347,0.37842704392788806,0.006391904195580522
0,0.5,1,3,0.3,0,0.0,60,0.0,0.0,0.0,0.0,0.0,0.0,0.0,0.0,0.9739681102354826,0.004728349673202614,1.1529411764705881,0.38823529411764707,0.035913978494623654,3.7636054421768703,0.4077962974847472,0.08685371155868235
0,0.5,1,3,0.3,1,0.5,60,0.0,0.0,0.0,0.0,0.0,0.0,0.0,0.0,0.9921526005874652,0.0004561546840958605,0.33758169934640514,0.013398692810457517,0.0,0.8452380952380952,0.38653565012053864,0.014411366123918636
0,0.5,1,3,0.3,2,1.0,60,0.0,0.0,0.0,0.0,0.0,0.0,0.0,0.0,0.994271586235654,0.00024509803921568627,0.2326797385620915,0.006209150326797386,0.0,0.5687074829931972,0.3803917309789775,0.008171841783791269
0,0.5,1,3,0.3,3,2.0,60,0.0,0.0,0.0,0.0,0.0,0.0,0.0,0.0,0.9950246796833591,0.0002314814814814815,0.21176470588235294,0.006209150326797386,0.0,0.5173469387755102,0.3784204553618649,0.006766411574451747
0,0.5,1,3,0.3,4,4.0,60,0.0,0.0,0.0,0.0,0.0,0.0,0.0,0.0,0.9951816721732585,0.0002314814814814815,0.20751633986928103,0.006209150326797386,0.0,0.5078231292517007,0.3789446120919139,0.006521178956695787
0,0.5,1,4,0.6,0,0.0,60,0.18333333333333332,0.0,0.9998587470859541,0.0,0.0,0.03333333333333333,0.16666666666666666,0.18333333333333332,0.964136740527101,0.012261710239651415,1.4566993464052287,0.6683006535947714,0.2224731182795699,4.391156462585034,0.40923749594471803,0.21986120403090859
0,0.5,1,4,0.6,1,0.5,60,0.0,0.0,0.0,0.0,0.0,0.0,0.0,0.0,0.9908382649292312,0.001065495642701525,0.4352941176470588,0.02516339869281046,0.005591397849462365,1.0843537414965987,0.3931122790282466,0.025502742647040614
0,0.5,1,4,0.6,2,1.0,60,0.0,0.0,0.0,0.0,0.0,0.0,0.0,0.0,0.9938198716269259,0.00024509803921568627,0.2651960784313725,0.008823529411764706,0.00010752688172043011,0.651360544217687,0.3842012093025975,0.010339468933284574
0,0.5,1,4,0.6,3,2.0,60,0.0,0.0,0.0,0.0,0.0,0.0,0.0,0.0,0.9949144878176758,0.0002314814814814815,0.21862745098039216,0.006209150326797386,0.0,0.5336734693877551,0.3797750634036575,0.007208779362617129
0,0.5,1,4,0.6,4,4.0,60,0.0,0.0,0.0,0.0,0.0,0.0,0.0,0.0,0.9951188118895095,0.0002314814814814815,0.2122549019607843,0.006209150326797386,0.0,0.5197278911564626,0.37962778633175953,0.006748952585645482
1,0.7,2,0,0.0,0,0.0,60,0.0,0.0,0.0,0.0,0.0,0.0,0.0,0.0,0.9566035653885877,0.047715822440087145,1.3460784313725491,0.6581699346405229,0.006236559139784947,4.747959183673469,0.40806698922781676,0.08656311105547193
1,0.7,2,0,0.0,1,0.5,60,0.0,0.0,0.0,0.0,0.0,0.0,0.0,0.0,0.9867400021302176,0.013766339869281045,0.5117647058823529,0.025163398692810462,0.0,1.3755102040816327,0.386978271528933,0.0213904921072288
1,0.7,2,0,0.0,2,1.0,60,0.0,0.0,0.0,0.0,0.0,0.0,0.0,0.0,0.991176252671265,0.008142701525054466,0.3214052287581699,0.012418300653594772,0.0,0.8136054421768706,0.3756534669375044,0.011814389589838938
1,0.7,2,0,0.0,3,2.0,60,0.0,0.0,0.0,0.0,0.0,0.0,0.0,0.0,0.992692862127231,0.006375953159041394,0.24901960784313723,0.012418300653594772,0.0,0.6370748299319727,0.3715976200379572,0.00888390072709242
1,0.7,2,0,0.0,4,4.0,60,0.0,0.0,0.0,0.0,0.0,0.0,0.0,0.0,0.9929671206781575,0.006120642701525053,0.24166666666666667,0.012418300653594772,0.0,0.61156462585034,0.37129356210918923,0.008543323175976177
1,0.7,2,1,0.05,0,0.0,60,0.0,0.0,0.0,0.0,0.0,0.0,0.0,0.0,0.9477749958052102,0.05743123638344227,1.6169934640522876,0.8490196078431373,0.09483870967741934,5.438435374149659,0.4114374999380922,0.15222107393515805
1,0.7,2,1,0.05,1,0.5,60,0.0,0.0,0.0,0.0,0.0,0.0,0.0,0.0,0.9847218707671267,0.0166224128540305,0.6053921568627451,0.03366013071895425,0.003763440860215054,1.648979591836735,0.39083606310915364,0.032186201712680156
1,0.7,2,1,0.05,2,1.0,60,0.0,0.0,0.0,0.0,0.0,0.0,0.0,0.0,0.990597637090481,0.009010757080610022,0.35424836601307186,0.012418300653594772,0.0006451612903225806,0.8982993197278912,0.37785264648143685,0.014715314138134657
1,0.7,2,1,0.05,3,2.0,60,0.0,0.0,0.0,0.0,0.0,0.0,0.0,0.0,0.9923014557289143,0.006978485838779956,0.26862745098039215,0.012418300653594772,0.0,0.6972789115646258,0.37377064518445385,0.01058961033198909
1,0.7,2,1,0.05,4,4.0,60,0.0,0.0,0.0,0.0,0.0,0.0,0.0,0.0,0.9926850987656844,0.006587009803921568,0.2570261437908497,0.012418300653594772,0.0,0.6581632653061223,0.3729865519668024,0.009691716535977632
1,0.7,2,2,0.15,0,0.0,60,2.05,0.0,3.2543321843508375,0.0,3.25,0.25,1.0666666666666667,2.05,0.9078911326266647,0.10322712418300654,2.6990196078431383,1.8490196078431373,1.0573118279569893,6.969727891156463,0.405068553248322,0.6827900621126187
1,0.7,2,2,0.15,1,0.5,60,0.0,0.0,0.0,0.0,0.0,0.0,0.0,0.0,0.9800661871933146,0.023063044662309365,0.8150326797385622,0.09934640522875816,0.06817204301075268,2.0887755102040817,0.3986537850155954,0.08745089305884178
1,0.7,2,2,0.15,2,1.0,60,0.0,0.0,0.0,0.0,0.0,0.0,0.0,0.0,0.9889754828330054,0.011247276688453158,0.4281045751633987,0.02712418300653595,0.011720430107526882,1.0867346938775513,0.38268096886090786,0.02917702596348761
1,0.7,2,2,0.15,3,2.0,60,0.0,0.0,0.0,0.0,0.0,0.0,0.0,0.0,0.9914944161062469,0.008146105664488017,0.31192810457516346,0.01503267973856209,0.003118279569892473,0.8040816326530612,0.37641983887448016,0.017555222179651393
1,0.7,2,2,0.15,4,4.0,60,0.0,0.0,0.0,0.0,0.0,0.0,0.0,0.0,0.9922926477361675,0.007070397603485839,0.2751633986928105,0.014379084967320262,0.0018279569892473118,0.7006802721088435,0.37445186005281333,0.01327820107220533
1,0.7,2,3,0.3,0,0.0,60,7.15,9.5,5.72483439180203,0.0,12.0,0.6333333333333333,5.7,7.15,0.7811091896870732,0.23589665032679738,5.601797385620914,5.516339869281046,4.407849462365591,9.62721088435374,0.39706809581848945,3.60022056856099
1,0.7,2,3,0.3,1,0.5,60,0.5666666666666667,0.0,1.7307455693973914,0.0,0.0,0.06666666666666667,0.2833333333333333,0.5666666666666667,0.9640398243905649,0.042340686274509806,1.3468954248366016,0.4264705882352941,0.4433333333333333,2.8282312925170072,0.40159691801904857,0.3812585456964413
1,0.7,2,3,0.3,2,1.0,60,0.08333333333333333,0.0,0.46181905131576384,0.0,0.0,0.0,0.0,0.08333333333333333,0.983141573731426,0.01911764705882353,0.676470588235294,0.096078431372549,0.1110752688172043,1.558843537414966,0.3884287553933568,0.11652550028011938
1,0.7,2,3,0.3,3,2.0,60,0.0,0.0,0.0,0.0,0.0,0.0,0.0,0.0,0.9892180391595177,0.011410675381263613,0.422875816993464,0.03562091503267974,0.0332258064516129,1.0350340136054421,0.3804690031597018,0.045470866646774896
1,0.7,2,3,0.3,4,4.0,60,0.0,0.0,0.0,0.0,0.0,0.0,0.0,0.0,0.991163750517608,0.008714596949891067,0.334313725490196,0.017320261437908498,0.015053763440860214,0.8231292517006801,0.37748646138721803,0.025451832125727308
1,0.7,2,4,0.6,0,0.0,60,10.683333333333334,14.0,6.315146351932605,5.75,15.25,0.8,9.616666666666667,10.683333333333334,0.6471594239010726,0.36791598583878,8.612254901960785,9.048366013071895,7.747526881720431,12.254081632653062,0.3963573269643044,6.956986555845546
1,0.7,2,4,0.6,1,0.5,60,3.533333333333333,0.0,4.362656113147348,0.0,8.0,0.43333333333333335,2.7,3.533333333333333,0.8978075894739365,0.1129187091503268,2.9718954248366014,2.206209150326797,2.141827956989247,4.5074829931972795,0.39605978035386546,1.8864388849765492
1,0.7,2,4,0.6,2,1.0,60,1.15,0.0,2.33488648873007,0.0,0.25,0.18333333333333332,0.7,1.15,0.9609246064358535,0.04402573529411764,1.3111111111111111,0.5849673202614379,0.6462365591397848,2.3547619047619053,0.39368174535463724,0.5958770634969228
1,0.7,2,4,0.6,3,2.0,60,0.3333333333333333,0.0,1.2304975797559747,0.0,0.0,0.05,0.08333333333333333,0.3333333333333333,0.980406275305643,0.022045206971677563,0.7426470588235293,0.15196078431372548,0.2318279569892473,1.469387755102041,0.38298999294550556,0.23011231116853495
1,0.7,2,4,0.6,4,4.0,60,0.05,0.0,0.3872983346207416,0.0,0.0,0.0,0.0,0.05,0.9870374124189202,0.014133986928104575,0.5138888888888888,0.05196078431372549,0.09397849462365591,1.114965986394558,0.38335624066162505,0.10917037641913384
2,0.85,3,0,0.0,0,0.0,60,0.8666666666666667,0.0,3.0723847452099595,0.0,0.0,0.06666666666666667,0.08333333333333333,0.8666666666666667,0.8951417263336633,0.12624591503267973,2.726470588235294,2.042156862745098,0.5882795698924731,8.856462585034013,0.4025822094752744,0.3487083263715895
2,0.85,3,0,0.0,1,0.5,60,0.0,0.0,0.0,0.0,0.0,0.0,0.0,0.0,0.9643634425567136,0.049291938997821354,1.4777777777777779,0.15424836601307187,0.053763440860215055,4.0017006802721085,0.4003656938278208,0.11942971246325418
2,0.85,3,0,0.0,2,1.0,60,0.0,0.0,0.0,0.0,0.0,0.0,0.0,0.0,0.975781962497109,0.03405160675381263,1.1037581699346404,0.04542483660130719,0.02817204301075269,2.8023809523809518,0.39283138826137254,0.08072574134826709
2,0.85,3,0,0.0,3,2.0,60,0.0,0.0,0.0,0.0,0.0,0.0,0.0,0.0,0.9831313600177789,0.0234511165577342,0.7668300653594773,0.03300653594771242,0.01064516129032258,1.9210884353741497,0.3912966677403463,0.06156805473704795
2,0.85,3,0,0.0,4,4.0,60,0.0,0.0,0.0,0.0,0.0,0.0,0.0,0.0,0.9847440552220416,0.02095588235294117,0.6790849673202616,0.03300653594771242,0.008279569892473118,1.7302721088435373,0.3921239748457413,0.05666165210727245
2,0.85,3,1,0.05,0,0.0,60,8.166666666666666,9.0,6.020210781451705,1.0,14.0,0.7333333333333333,4.716666666666667,8.166666666666666,0.8065723518234174,0.2301538671023965,4.769607843137255,4.529738562091503,2.8826881720430113,10.89285714285714,0.39734579811476023,1.3603337644250424
2,0.85,3,1,0.05,1,0.5,60,0.016666666666666666,0.0,0.12909944487358058,0.0,0.0,0.0,0.0,0.016666666666666666,0.953997987214538,0.0634906045751634,1.831372549019608,0.3372549019607843,0.21419354838709678,4.691156462585033,0.40423500778856225,0.21768722883099176
2,0.85,3,1,0.05,2,1.0,60,0.0,0.0,0.0,0.0,0.0,0.0,0.0,0.0,0.971739153550711,0.040066721132897595,1.2609477124183004,0.09934640522875818,0.0789247311827957,3.1289115646258496,0.39688045859307747,0.11885205132713814
2,0.85,3,1,0.05,3,2.0,60,0.0,0.0,0.0,0.0,0.0,0.0,0.0,0.0,0.980963520032008,0.026892701525054463,0.8898692810457517,0.03790849673202614,0.027419354838709675,2.1904761904761902,0.3945376047980859,0.0753042236185782
2,0.85,3,1,0.05,4,4.0,60,0.0,0.0,0.0,0.0,0.0,0.0,0.0,0.0,0.9835945730540752,0.02273624727668845,0.7452614379084969,0.03627450980392157,0.02075268817204301,1.8653061224489795,0.39646801189751674,0.06459193167450268
2,0.85,3,2,0.15,0,0.0,60,12.8,14.0,5.8622608006566255,11.75,17.0,0.8833333333333333,10.533333333333333,12.8,0.6382400916214812,0.40472494553376903,8.7687908496732,9.398366013071895,7.502903225806451,13.969727891156463,0.39776614470932625,5.477332068805887
2,0.85,3,2,0.15,1,0.5,60,3.683333333333333,1.5,4.168044969773778,0.0,7.0,0.4666666666666667,1.8,3.683333333333333,0.9029572284351663,0.1249217047930283,3.1387254901960784,1.5428104575163397,1.440430107526882,6.335374149659864,0.398050525019021,1.051725967213787
2,0.85,3,2,0.15,2,1.0,60,0.6,0.0,1.4520587371973581,0.0,0.25,0.03333333333333333,0.05,0.6,0.9560285876201179,0.0615230119825708,1.8055555555555551,0.32973856209150326,0.4119354838709678,3.9282312925170055,0.4023695806372877,0.34890789222899377
2,0.85,3,2,0.15,3,2.0,60,0.016666666666666666,0.0,0.12909944487358058,0.0,0.0,0.0,0.0,0.016666666666666666,0.9740286042537376,0.037142565359477124,1.1805555555555551,0.09117647058823529,0.1421505376344086,2.691836734693877,0.3993551354270845,0.15477321268870478
2,0.85,3,2,0.15,4,4.0,60,0.0,0.0,0.0,0.0,0.0,0.0,0.0,0.0,0.9802965888296671,0.027862881263616558,0.9034313725490197,0.049019607843137254,0.07763440860215054,2.104421768707483,0.3987120651339469,0.09706165270374126
2,0.85,3,3,0.3,0,0.0,60,15.4,17.0,4.791234935107005,14.0,18.0,0.95,13.55,15.4,0.5180810244411801,0.5164590141612201,11.506372549019607,12.425163398692808,10.555161290322582,15.963265306122448,0.3973104042309587,9.363125208598765
2,0.85,3,3,0.3,1,0.5,60,7.416666666666667,9.0,5.570173799639656,0.0,12.25,0.6833333333333333,5.616666666666666,7.416666666666667,0.7905982023921373,0.24131263616557733,5.653104575163399,4.645098039215687,4.2649462365591395,8.80612244897959,0.395688756517643,3.7551957019319633
2,0.85,3,3,0.3,2,1.0,60,3.683333333333333,2.0,4.048400674661399,0.0,7.25,0.45,2.2,3.683333333333333,0.9011484323054378,0.12431236383442267,3.196078431372549,1.6124183006535948,1.7559139784946238,5.524149659863945,0.3998523851649925,1.5243231416335676
2,0.85,3,3,0.3,3,2.0,60,0.8,0.0,1.754413321225906,0.0,1.0,0.11666666666666667,0.18333333333333332,0.8,0.9557474237213113,0.0609170751633987,1.8073529411764704,0.33627450980392154,0.5518279569892474,3.51938775510204,0.40511668028422,0.493782935989507
2,0.85,3,3,0.3,4,4.0,60,0.06666666666666667,0.0,0.5163977794943223,0.0,0.0,0.016666666666666666,0.0,0.06666666666666667,0.972174951076367,0.039314406318082785,1.2462418300653593,0.10457516339869281,0.24731182795698928,2.584353741496598,0.4040864925762236,0.2271572545569721
2,0.85,3,4,0.6,0,0.0,60,17.166666666666668,18.0,4.158579722782102,17.0,19.0,0.9666666666666667,15.783333333333333,17.166666666666668,0.42376023344644026,0.604718137254902,13.674019607843139,14.694771241830068,12.93989247311828,17.51904761904762,0.39718561889965787,12.20139976374301
2,0.85,3,4,0.6,1,0.5,60,11.1,13.0,5.519457109142259,8.0,15.0,0.8333333333333334,9.533333333333333,11.1,0.6606344464229047,0.3697474128540305,8.537745098039215,8.01437908496732,7.456666666666666,11.43537414965986,0.4002050317926598,7.0717529489184
2,0.85,3,4,0.6,2,1.0,60,7.766666666666667,9.0,5.343669362889793,2.75,12.25,0.7166666666666667,6.166666666666667,7.766666666666667,0.7823225377634129,0.2468818082788671,5.883823529411765,4.60751633986928,4.656666666666666,8.243877551020407,0.39818675345563637,4.405442239459011
2,0.85,3,4,0.6,3,2.0,60,4.383333333333334,4.0,4.258955337283046,0.0,8.25,0.5333333333333333,2.7666666666666666,4.383333333333334,0.8919033344785386,0.13253336056644882,3.473039215686275,1.6738562091503268,2.091182795698925,5.345238095238094,0.39731249879902475,1.9699437968768536
2,0.85,3,4,0.6,4,4.0,60,1.6,0.0,2.4852104913750623,0.0,3.0,0.21666666666666667,0.35,1.6,0.9456790863164727,0.07231072984749458,2.1699346405228757,0.39444444444444443,0.8820430107526882,3.585034013605442,0.40221199094111915,0.8003976221433735
3,0.95,5,0,0.0,0,0.0,60,17.233333333333334,18.5,3.600219704532482,16.0,19.0,0.9833333333333333,14.7,17.233333333333334,0.5493929671305503,0.5166802832244008,10.511601307189544,11.48169934640523,9.263118279569893,15.804761904761905,0.394746329987223,3.587893056824377
3,0.95,5,0,0.0,1,0.5,60,4.2,0.0,5.53815731454768,0.0,8.25,0.4,1.6166666666666667,4.2,0.8757240257454421,0.1575980392156863,3.8665032679738562,1.6261437908496732,1.4562365591397848,8.566326530612246,0.3991565859102898,0.8216500033766846
3,0.95,5,0,0.0,2,1.0,60,0.016666666666666666,0.0,0.12909944487358058,0.0,0.0,0.0,0.0,0.016666666666666666,0.9416934827564971,0.0800994008714597,2.351633986928104,0.30326797385620907,0.4218279569892473,5.376190476190476,0.3982255199155381,0.2922534355001857
3,0.95,5,0,0.0,3,2.0,60,0.0,0.0,0.0,0.0,0.0,0.0,0.0,0.0,0.9644415993420732,0.04998297930283225,1.5841503267973855,0.10326797385620914,0.1570967741935484,3.6891156462585033,0.39641283837269203,0.16410537779563614
3,0.95,5,0,0.0,4,4.0,60,0.0,0.0,0.0,0.0,0.0,0.0,0.0,0.0,0.9723169327144362,0.038415713507625286,1.2145424836601306,0.0718954248366013,0.10064516129032258,2.8989795918367354,0.39484744134965083,0.11817651744722776
3,0.95,5,1,0.05,0,0.0,60,18.25,19.0,2.2294257070041263,17.0,20.0,1.0,16.083333333333332,18.25,0.4599202307803963,0.600439133986928,12.9812091503268,14.011111111111111,11.945913978494621,17.664625850340137,0.40103651021445685,7.178564658199144
3,0.95,5,1,0.05,1,0.5,60,9.3,10.0,4.948206317718761,8.0,13.0,0.8166666666666667,6.2,9.3,0.7842557534837679,0.2617987472766885,5.995915032679737,4.15359477124183,3.829892473118279,10.539795918367348,0.3955555095100615,2.4281215001162395
3,0.95,5,1,0.05,2,1.0,60,2.783333333333333,0.0,3.6503617961700523,0.0,5.25,0.3333333333333333,0.6666666666666666,2.783333333333333,0.9083960342655378,0.12181032135076252,3.2789215686274513,0.834313725490196,1.1520430107526882,6.560544217687075,0.3988289802901484,0.7593321574641089
3,0.95,5,1,0.05,3,2.0,60,0.0,0.0,0.0,0.0,0.0,0.0,0.0,0.0,0.9504806153626743,0.0690767973856209,2.0787581699346402,0.20555555555555555,0.4453763440860215,4.346598639455782,0.3984445750386027,0.31485182602567735
3,0.95,5,1,0.05,4,4.0,60,0.0,0.0,0.0,0.0,0.0,0.0,0.0,0.0,0.9647655326581295,0.04897194989106754,1.5039215686274507,0.11209150326797386,0.25655913978494627,3.2642857142857147,0.3963305378088275,0.20032086724820142
3,0.95,5,2,0.15,0,0.0,60,18.75,19.0,1.683670324829616,18.0,20.0,1.0,17.183333333333334,18.75,0.3889603562383785,0.6551913126361656,14.5968954248366,15.573856209150327,13.723763440860214,18.764965986394557,0.40076847815531447,11.450299461008878
3,0.95,5,2,0.15,1,0.5,60,12.65,13.0,4.053979003733476,11.75,15.0,0.95,10.133333333333333,12.65,0.6523942121985475,0.39340618191721133,8.99362745098039,7.903267973856209,7.305376344086022,13.050340136054423,0.3983776211356147,6.0000054810135826
3,0.95,5,2,0.15,2,1.0,60,7.916666666666667,8.0,4.731043052180134,5.0,12.0,0.7666666666666667,5.233333333333333,7.916666666666667,0.8126672704942622,0.2281658496732026,5.57826797385621,3.275163398692811,3.5883870967741935,8.858503401360542,0.3956639931295586,2.814591330017186
3,0.95,5,2,0.15,3,2.0,60,2.533333333333333,0.0,3.207336223366287,0.0,5.0,0.36666666666666664,0.6833333333333333,2.533333333333333,0.9176694673904321,0.11026348039215687,3.1287581699346405,0.6228758169934641,1.245483870967742,5.460544217687075,0.3993265968258531,0.898430394799719
3,0.95,5,2,0.15,4,4.0,60,0.1,0.0,0.6561314461114264,0.0,0.0,0.016666666666666666,0.0,0.1,0.9493019305786184,0.07009463507625274,2.1287581699346405,0.1947712418300654,0.6245161290322581,3.9136054421768707,0.397729900299794,0.42345018670822
3,0.95,5,3,0.3,0,0.0,60,19.333333333333332,20.0,1.4221810257686949,19.0,20.0,1.0,17.933333333333334,19.333333333333332,0.34010643283093356,0.6941210511982571,15.676797385620915,16.633986928104576,14.932043010752688,19.40476190476191,0.3994120412130594,13.981455673919038
3,0.95,5,3,0.3,1,0.5,60,14.8,15.0,3.2614855718818103,14.0,17.0,0.9833333333333333,12.9,14.8,0.547465959669298,0.491520288671024,11.276470588235293,10.708823529411765,9.92698924731183,14.892857142857144,0.39831861917493117,9.334962555391867
3,0.95,5,3,0.3,2,1.0,60,10.933333333333334,12.0,4.867278036051155,10.0,14.25,0.8666666666666667,8.85,10.933333333333334,0.6956424606410839,0.34442061546840963,8.16813725490196,6.397712418300653,6.492043010752689,11.232993197278912,0.39597214221129046,6.025651444860647
3,0.95,5,3,0.3,3,2.0,60,6.583333333333333,8.0,4.4198767781990576,2.75,10.0,0.7,4.2,6.583333333333333,0.8452132180631371,0.19057734204793028,4.945424836601307,2.243464052287582,3.037956989247312,7.312585034013605,0.3977094394046669,2.6523537948188274
3,0.95,5,3,0.3,4,4.0,60,2.283333333333333,1.0,2.8349613136192024,0.0,5.0,0.2833333333333333,0.45,2.283333333333333,0.921707887843953,0.10419049564270152,3.097875816993464,0.4741830065359477,1.3110752688172043,4.874149659863945,0.3979120424110549,1.0109199031022604
3,0.95,5,4,0.6,0,0.0,60,19.966666666666665,20.0,1.1927274919513247,19.0,21.0,1.0,18.7,19.966666666666665,0.29981376350787153,0.7287990196078431,16.57532679738562,17.519281045751633,15.954086021505374,19.909863945578234,0.39876048707405365,15.616456814161872
3,0.95,5,4,0.6,1,0.5,60,16.466666666666665,17.0,2.9254387859593782,16.0,18.0,0.9833333333333333,14.866666666666667,16.466666666666665,0.4621188486712572,0.5712486383442266,13.146568627450979,12.864705882352942,12.06978494623656,16.28809523809524,0.397272735017604,11.925143158009144
3,0.95,5,4,0.6,2,1.0,60,13.566666666666666,15.0,4.484877288598352,13.0,16.0,0.9333333333333333,11.816666666666666,13.566666666666666,0.586211424407398,0.44964596949891067,10.567156862745096,9.294771241830066,9.173225806451615,13.361564625850342,0.39469837598267987,9.0608242092824
3,0.95,5,4,0.6,3,2.0,60,10.216666666666667,12.0,4.647184920316365,9.0,13.25,0.85,8.183333333333334,10.216666666666667,0.7328140826379546,0.3048781318082789,7.500326797385621,5.0248366013071895,5.779354838709677,9.783673469387757,0.3941412497400318,5.620629671859609
3,0.95,5,4,0.6,4,4.0,60,6.266666666666667,7.0,4.054153202839084,3.0,10.0,0.6666666666666666,3.6166666666666667,6.266666666666667,0.8607564805706693,0.17129970043572987,4.737908496732027,1.5712418300653597,2.805268817204301,6.4755102040816315,0.3935514448019539,2.608046276245731
4,0.99,8,0,0.0,0,0.0,60,18.8,19.0,1.5160161888138801,18.0,20.0,1.0,17.183333333333334,18.8,0.40940149295463796,0.6477260348583879,13.984150326797385,14.94607843137255,12.99978494623656,18.391496598639456,0.39859873761001613,7.208836211659013
4,0.99,8,0,0.0,1,0.5,60,12.883333333333333,14.0,4.055093748698599,11.0,16.0,0.95,10.316666666666666,12.883333333333333,0.6714667447382748,0.3770561002178649,8.515849673202615,7.0431372549019615,6.544408602150537,12.830952380952379,0.3945122420816528,4.294873071183456
4,0.99,8,0,0.0,2,1.0,60,6.783333333333333,7.0,5.049221006092086,1.0,11.0,0.7,3.3666666666666667,6.783333333333333,0.846112182408514,0.19029479847494554,4.939869281045751,1.9352941176470586,2.5022580645161288,8.559523809523808,0.39571694818421166,1.7323221528288422
4,0.99,8,0,0.0,3,2.0,60,1.0166666666666666,0.0,2.070713188093569,0.0,0.0,0.1,0.0,1.0166666666666666,0.9233477162911713,0.10025871459694988,3.0215686274509808,0.3823529411764705,0.9665591397849463,5.638095238095237,0.39009482538532514,0.6615683935445524
4,0.99,8,0,0.0,4,4.0,60,0.0,0.0,0.0,0.0,0.0,0.0,0.0,0.0,0.9481166349203896,0.06817129629629631,2.1527777777777777,0.18496732026143786,0.5361290322580644,4.248639455782313,0.38951929979574806,0.3908041369147886
4,0.99,8,1,0.05,0,0.0,60,19.05,19.0,1.2943816009251519,18.0,20.0,1.0,17.533333333333335,19.05,0.3764974477550483,0.6700299564270152,14.876633986928105,15.830718954248365,13.948172043010752,19.111564625850345,0.40102109396671637,10.214190409325976
4,0.99,8,1,0.05,1,0.5,60,14.15,15.0,3.4386881613758526,13.0,17.0,0.9833333333333333,11.9,14.15,0.6038241511834535,0.4427696078431373,10.094771241830065,9.06830065359477,8.37956989247312,14.208163265306125,0.3967943136467002,6.325885848886092
4,0.99,8,1,0.05,2,1.0,60,9.516666666666667,10.0,4.738918086733338,7.0,13.25,0.8666666666666667,6.6,9.516666666666667,0.776412495377101,0.2660096677559913,6.5272875816993485,3.8392156862745095,4.296989247311828,10.027210884353742,0.39678972086314224,3.3001092495423174
4,0.99,8,1,0.05,3,2.0,60,3.683333333333333,3.0,3.98935731057177,0.0,8.0,0.4666666666666667,1.0833333333333333,3.683333333333333,0.8979251089010621,0.1309640522875817,3.7637254901960784,0.7405228758169934,1.5855913978494622,6.364285714285714,0.39200611704872407,1.175313558806187
4,0.99,8,1,0.05,4,4.0,60,0.1,0.0,0.3991516427353206,0.0,0.0,0.0,0.0,0.1,0.9364569621669011,0.08359545206971679,2.60359477124183,0.25065359477124177,0.823763440860215,4.654081632653061,0.38886959893859746,0.5927687264660736
4,0.99,8,2,0.15,0,0.0,60,19.316666666666666,20.0,1.1570222836971427,18.75,20.0,1.0,18.083333333333332,19.316666666666666,0.33850036086110796,0.6967116013071896,15.697058823529412,16.622875816993464,14.845268817204301,19.674829931972784,0.39974977765315084,13.510359126837747
4,0.99,8,2,0.15,1,0.5,60,15.333333333333334,16.0,3.0568992080802375,14.0,17.0,0.9833333333333333,13.516666666666667,15.333333333333334,0.5295481856818628,0.5095758442265795,11.717320261437907,11.078758169934641,10.270645161290323,15.484013605442177,0.39810083113569383,9.364196649296263
4,0.99,8,2,0.15,2,1.0,60,12.1,13.0,4.15259771668412,11.0,15.0,0.9333333333333333,9.8,12.1,0.6711461038316333,0.37038398692810454,8.815196078431372,6.836274509803922,6.958279569892472,12.138775510204084,0.39698050728007905,6.268044269381461
4,0.99,8,2,0.15,3,2.0,60,7.333333333333333,8.0,4.359546962416408,3.75,11.0,0.75,4.516666666666667,7.333333333333333,0.8328249753696793,0.20328159041394336,5.358006535947712,2.247385620915033,3.2075268817204305,7.98843537414966,0.3953278226536581,2.751547193719634
4,0.99,8,2,0.15,4,4.0,60,2.4,0.5,2.9238933876550424,0.0,4.0,0.3,0.35,2.4,0.9119307303786426,0.11364038671023964,3.4586601307189544,0.4787581699346405,1.445483870967742,5.454081632653061,0.3892849159840996,1.1242485070975945
4,0.99,8,3,0.3,0,0.0,60,19.8,20.0,1.0217963577005789,19.0,20.25,1.0,18.533333333333335,19.8,0.30775450247035946,0.721473311546841,16.355718954248363,17.291176470588237,15.610000000000003,20.016666666666666,0.3985361915904566,15.322210347045559
4,0.99,8,3,0.3,1,0.5,60,16.333333333333332,17.0,2.8857726202560046,16.0,18.0,0.9833333333333333,14.683333333333334,16.333333333333332,0.4740201213379424,0.5596303104575163,12.902614379084968,12.494117647058824,11.64268817204301,16.35034013605442,0.39757916085667644,11.565478131058162
4,0.99,8,3,0.3,2,1.0,60,13.816666666666666,14.0,3.4122991238656764,13.0,16.0,0.9833333333333333,11.916666666666666,13.816666666666666,0.5902353238807726,0.4466196895424836,10.512581699346407,9.050980392156863,8.933118279569893,13.639115646258501,0.3962118876339652,8.850393514887818
4,0.99,8,3,0.3,3,2.0,60,10.016666666666667,11.0,4.331562002157082,8.0,13.0,0.8833333333333333,7.833333333333333,10.016666666666667,0.7465974773182328,0.2917143246187364,7.280392156862745,4.487581699346405,5.32494623655914,9.847619047619046,0.3950364894858355,5.157846323991533
4,0.99,8,3,0.3,4,4.0,60,5.666666666666667,7.0,4.1606170772226605,1.0,9.0,0.6,2.7333333333333334,5.666666666666667,0.8699677560549541,0.16072984749455335,4.591176470588235,1.2133986928104576,2.4723655913978493,6.585714285714285,0.39249621323500367,2.2603360720616577
4,0.99,8,4,0.6,0,0.0,60,20.3,20.5,0.9966044044569796,20.0,21.0,1.0,19.133333333333333,20.3,0.27707042050128466,0.749135348583878,17.05800653594771,17.98137254901961,16.42591397849462,20.365986394557826,0.398113496450536,16.54352721839982
4,0.99,8,4,0.6,1,0.5,60,17.266666666666666,17.5,2.754759620179545,17.0,19.0,0.9833333333333333,15.816666666666666,17.266666666666666,0.42290786810315933,0.6075265522875817,14.02924836601307,13.78137254901961,12.937634408602149,17.15578231292517,0.3970950188581798,13.21081417390148
4,0.99,8,4,0.6,2,1.0,60,15.266666666666667,16.0,3.0910843178223084,15.0,17.0,0.9833333333333333,13.6,15.266666666666667,0.522216922559634,0.5115127995642701,11.98872549019608,10.840522875816992,10.603333333333335,14.883673469387753,0.3959558276219255,10.873758247348851
4,0.99,8,4,0.6,3,2.0,60,12.4,14.0,4.259386444237706,11.0,15.0,0.9,10.233333333333333,12.4,0.6593215827341925,0.37759055010893244,9.202287581699348,6.757843137254903,7.439784946236559,11.64761904761905,0.3942870438749209,7.615073117759906
4,0.99,8,4,0.6,4,4.0,60,8.75,10.0,4.217095956352517,6.75,12.0,0.8666666666666667,6.116666666666666,8.75,0.8051657861662062,0.22978962418300652,6.167647058823531,2.5875816993464054,4.0388172043010755,8.095578231292517,0.39226273302596054,4.102743082845042
