hucre,kol,brut_once,brut_sonra,silinen_oran,kal,reel,yk_med,fazla_med,p_fazla_05,temerrut,kilitli,batik
esit,yok,3.087684791234955,3.087684791234955,0.0,0.0,0.45408167359827367,0.0,0.02246663488048401,0.0,0.0,0.0,0.0
esit,mahsup,3.087684791234955,2.07,0.32959478056952846,0.0,0.0,0.0,,,0.0,0.0,0.0
esit,mahsup_lider,3.087684791234955,2.07,0.32959478056952846,0.0,0.0,0.0,,,1.0,0.0,1.0
esit,mahsup_ust10,3.087684791234955,2.07,0.32959478056952846,0.0,0.0,0.0,,,15.0,0.0,15.0
mev40,yok,3.087684791234955,3.087684791234955,0.0,0.0,0.48956886003577715,0.0,0.03511540592289709,0.0,0.0,0.0,0.0
mev40,mahsup,3.087684791234955,2.07,0.32959478056952846,0.0,0.0,0.0,,,0.0,0.0,0.0
mev40,mahsup_lider,3.087684791234955,2.07,0.32959478056952846,0.0,0.0,0.0,,,1.0,0.0,1.0
mev40,mahsup_ust10,3.087684791234955,2.07,0.32959478056952846,0.0,0.0,0.0,,,15.0,0.0,15.0
mev70,yok,3.087684791234955,3.087684791234955,0.0,0.0,0.558303830050462,0.0,0.03299314420816482,0.0,59.74,17.16,42.58
mev70,mahsup,3.087684791234955,2.07,0.32959478056952846,1.2,0.0,0.0525,,,50.66,0.0,50.66
mev70,mahsup_lider,3.087684791234955,2.07,0.32959478056952846,0.0,0.0,0.0,,,0.0,0.0,0.0
mev70,mahsup_ust10,3.087684791234955,2.07,0.32959478056952846,0.0,0.0,0.0,,,15.0,0.0,15.0
