firma,sektor,buyuk,kucuk,yavas_iyi,yavas_baz,yavas_kotu
0,tarim,True,False,0.0,0.0,11.9875
1,tarim,False,False,0.0,0.0,11.825
2,tarim,False,False,0.0,0.025,12.8375
3,tarim,False,True,0.0,0.0,12.7
4,tarim,False,True,0.0,0.0,11.65
5,tarim,False,True,0.0,0.0,11.7125
6,tarim,True,False,0.0,0.0,11.45
7,tarim,False,True,0.0,0.0,13.05
8,tarim,False,True,0.0,0.0,12.45
9,tarim,False,True,0.0,0.0,11.55
10,tarim,True,False,0.0,0.0,12.025
11,tarim,False,True,0.0,0.0,11.475
12,madencilik,False,False,0.0,0.0,12.2375
13,madencilik,False,True,0.0,0.0,11.2
14,madencilik,False,False,0.0,0.0,11.8375
15,madencilik,False,False,0.0,0.0,13.7125
16,madencilik,False,False,0.0,0.0,11.9
17,madencilik,True,False,0.0,0.0,11.4125
18,madencilik,False,True,0.0,0.0,12.2875
19,madencilik,False,False,0.0,0.0,12.8625
20,madencilik,False,True,0.0,0.0,11.625
21,madencilik,False,True,0.0,0.0,11.35
22,madencilik,False,True,0.0,0.0,12.1375
23,madencilik,False,True,0.0,0.0,11.3375
24,gida,False,True,0.0,0.25,16.5875
25,gida,True,False,0.0,0.0375,14.7875
26,gida,True,False,0.0,0.0,16.7125
27,gida,False,True,0.0,0.0,12.7625
28,gida,True,False,0.0,0.0,15.6625
29,gida,False,True,0.0,0.1375,17.2125
30,gida,False,False,0.0,0.0,16.8375
31,gida,False,True,0.0,0.025,16.7625
32,gida,False,False,0.0,0.0125,16.4625
33,gida,False,True,0.0,0.15,15.625
34,gida,False,True,0.0,0.0,13.425
35,gida,False,True,0.0,0.0,16.5375
36,tekstil,True,False,0.0,0.5125,15.85
37,tekstil,False,True,0.0,0.0,15.075
38,tekstil,True,False,0.0,0.0625,16.35
39,tekstil,False,True,0.0,0.2875,15.5375
40,tekstil,True,False,0.0,0.0,16.4375
41,tekstil,False,True,0.0,0.025,17.0625
42,tekstil,False,True,0.0,0.0,17.3375
43,tekstil,True,False,0.0,0.0,15.8875
44,tekstil,False,True,0.0,0.0,16.95
45,tekstil,False,False,0.0,0.0875,14.975
46,tekstil,True,False,0.0,0.0375,17.15
47,tekstil,True,False,0.0,0.0,14.7125
48,kimya,True,False,0.0,0.2125,15.35
49,kimya,False,False,0.0,0.5625,15.7625
50,kimya,False,True,0.0,0.1875,16.1375
51,kimya,False,True,0.0,0.025,15.125
52,kimya,True,False,0.0,0.0375,15.7
53,kimya,False,True,0.0,0.0375,15.5
54,kimya,True,False,0.0,0.025,14.1
55,kimya,False,True,0.0,0.0,13.8625
56,kimya,False,False,0.0,0.0,13.7875
57,kimya,True,False,0.0,0.0,13.5375
58,kimya,True,False,0.0,0.0,14.85
59,kimya,True,False,0.0,0.0,16.7625
60,metal,True,False,0.0,0.0,14.9125
61,metal,False,True,0.0,0.1375,15.975
62,metal,False,False,0.0,0.05,14.925
63,metal,False,True,0.0,0.2875,16.55
64,metal,False,True,0.0,0.0,14.4125
65,metal,False,True,0.0,0.0,13.3125
66,metal,False,True,0.0,0.0,14.3375
67,metal,True,False,0.0,0.0,13.4
68,metal,False,True,0.0,0.0125,14.675
69,metal,True,False,0.0,0.025,14.2625
70,metal,False,True,0.0,0.0,14.3
71,metal,True,False,0.0,0.0,14.575
72,makine,False,True,0.0,0.55,15.2625
73,makine,False,True,0.0,0.3375,15.2375
74,makine,False,True,0.0,1.6375,15.9125
75,makine,False,True,0.0,0.8875,16.9125
76,makine,False,False,0.0,2.3125,16.525
77,makine,True,False,0.0,0.05,15.65
78,makine,False,True,0.0,2.475,16.3
79,makine,True,False,0.0,0.25,16.0625
80,makine,False,True,0.0,1.75,15.975
81,makine,False,True,0.0,0.125,16.375
82,makine,False,True,0.0,1.575,15.575
83,makine,False,True,0.0,1.9375,16.2
84,otomotiv,False,False,0.0,0.4375,15.5
85,otomotiv,True,False,0.0,0.0375,16.075
86,otomotiv,True,False,0.0,0.5,16.35
87,otomotiv,False,True,0.0,0.35,15.95
88,otomotiv,False,True,0.0,2.475,13.675
89,otomotiv,False,True,0.0,0.2875,15.575
90,otomotiv,False,False,0.0,1.05,15.675
91,otomotiv,False,True,0.0,0.9125,15.6125
92,otomotiv,True,False,0.0,0.025,14.2375
93,otomotiv,False,False,0.0,0.325,15.85
94,otomotiv,False,False,0.0,0.15,14.6125
95,otomotiv,False,True,0.0,0.2625,16.275
96,enerji,True,False,0.0,0.05,15.375
97,enerji,True,False,0.0,0.0,15.0
98,enerji,False,True,0.0,0.0,11.9875
99,enerji,False,True,0.0,0.0,13.9625
100,enerji,True,False,0.0,0.0,13.5375
101,enerji,False,True,0.0,0.0,13.75
102,enerji,False,True,0.0,0.0,12.925
103,enerji,True,False,0.0,0.0,13.4625
104,enerji,True,False,0.0,0.0125,14.675
105,enerji,False,True,0.0,1.8125,14.325
106,enerji,False,True,0.0,0.0,12.7125
107,enerji,False,True,0.0,0.0,13.0375
108,insaat,True,False,0.0,0.0625,12.75
109,insaat,False,False,0.0,0.75,11.925
110,insaat,False,False,0.0,0.4,10.725
111,insaat,False,True,0.0,0.675,12.1125
112,insaat,False,False,0.0,1.0,11.875
113,insaat,False,True,0.0,0.5125,11.425
114,insaat,False,True,0.0,0.6375,10.775
115,insaat,False,True,0.0,0.025,12.45
116,insaat,False,False,0.0,0.75,11.8125
117,insaat,False,True,0.0,2.675,13.9625
118,insaat,False,False,0.0,0.0,4.6
119,insaat,True,False,0.0,0.1,13.4375
120,toptan,False,False,0.0,2.425,13.65
121,toptan,False,True,0.0,0.125,10.975
122,toptan,False,False,0.0,2.0125,9.8875
123,toptan,False,True,0.0,0.0875,11.675
124,toptan,True,False,0.0,0.75,12.5375
125,toptan,False,True,0.0,1.0875,12.6625
126,toptan,False,True,0.0,0.1125,10.7125
127,toptan,False,True,0.0,2.4375,10.8
128,toptan,False,True,0.0,0.075,11.55
129,toptan,True,False,0.0,0.075,12.725
130,toptan,False,True,0.0,4.525,11.725
131,toptan,False,True,0.0,2.3625,11.925
132,perakende,False,True,0.0,6.4375,11.7875
133,perakende,False,True,0.0,5.575,11.7
134,perakende,False,True,0.0,6.2625,11.35
135,perakende,False,True,0.0,4.9375,6.25
136,perakende,False,True,0.0,5.975,11.4
137,perakende,False,True,0.0,5.175,11.1
138,perakende,False,True,0.0,5.95,11.1625
139,perakende,True,False,0.0,4.1375,12.0375
140,perakende,False,False,0.0,4.9,11.15
141,perakende,False,False,0.0,4.25,10.775
142,perakende,False,True,0.0,6.8,11.575
143,perakende,False,False,0.0,4.75,11.5625
144,tasimacilik,False,False,0.0,0.4125,15.575
145,tasimacilik,False,True,0.0,0.0375,14.4875
146,tasimacilik,True,False,0.0,0.0875,15.025
147,tasimacilik,False,False,0.0,0.4875,16.65
148,tasimacilik,False,False,0.0,0.2125,16.35
149,tasimacilik,False,False,0.0,0.0,15.525
150,tasimacilik,False,True,0.0,2.8625,16.575
151,tasimacilik,False,True,0.0,3.0375,14.375
152,tasimacilik,True,False,0.0,0.1,14.625
153,tasimacilik,True,False,0.0,0.25,15.2875
154,tasimacilik,False,False,0.0,0.0125,15.85
155,tasimacilik,False,False,0.0,0.775,16.525
156,bilisim,False,True,0.0,0.5875,14.6625
157,bilisim,False,False,0.0,1.15,16.375
158,bilisim,False,True,0.0,1.125,16.2625
159,bilisim,False,False,0.0,0.25,15.7125
160,bilisim,False,False,0.0,0.1125,16.175
161,bilisim,False,False,0.0,0.0,15.5
162,bilisim,False,False,0.0,0.1125,15.1875
163,bilisim,True,False,0.0,0.05,16.325
164,bilisim,False,True,0.0,1.525,16.6125
165,bilisim,True,False,0.0,0.0,15.8375
166,bilisim,True,False,0.0,0.0125,15.4125
167,bilisim,False,True,0.0,0.0,16.5375
168,finansal_hizmet,True,False,0.0,0.375,15.7125
169,finansal_hizmet,True,False,0.0,0.0,14.2625
170,finansal_hizmet,False,False,0.0,0.025,15.875
171,finansal_hizmet,False,True,0.0,0.0,14.45
172,finansal_hizmet,False,False,0.0,0.0,15.2375
173,finansal_hizmet,False,True,0.0,1.8125,15.2
174,finansal_hizmet,False,False,0.0,0.1625,16.4875
175,finansal_hizmet,False,False,0.0,0.0,15.3625
176,finansal_hizmet,False,False,0.0,0.0,15.5
177,finansal_hizmet,False,False,0.0,0.1,15.125
178,finansal_hizmet,True,False,0.0,0.275,15.325
179,finansal_hizmet,False,False,0.0,0.0,15.05
180,gayrimenkul,True,False,0.0,0.0,8.6
181,gayrimenkul,False,False,0.0,0.05,12.0875
182,gayrimenkul,False,True,0.0,0.4,13.025
183,gayrimenkul,True,False,0.0,0.0125,11.8
184,gayrimenkul,False,False,0.0,0.0,8.9625
185,gayrimenkul,False,True,0.0,0.0125,12.0
186,gayrimenkul,False,True,0.0,0.425,11.9875
187,gayrimenkul,True,False,0.0,0.0,11.3125
188,gayrimenkul,False,True,0.0,0.175,11.1875
189,gayrimenkul,False,True,0.0,0.0,9.675
190,gayrimenkul,False,True,0.0,0.0375,10.4375
191,gayrimenkul,False,False,0.0,0.025,11.025
192,diger_hizmet,True,False,0.0,4.8125,11.9875
193,diger_hizmet,False,True,0.0,4.625,11.45
194,diger_hizmet,False,True,0.0,5.075,11.125
195,diger_hizmet,False,True,0.0,4.6875,6.0
196,diger_hizmet,False,False,0.0,3.8125,10.7625
197,diger_hizmet,False,True,0.0,5.175,11.3125
198,diger_hizmet,False,True,0.0,5.275,11.2875
199,diger_hizmet,False,True,0.0,4.6875,5.0
200,diger_hizmet,False,True,0.0,6.3125,11.7375
201,diger_hizmet,False,False,0.0,3.95,11.2625
202,diger_hizmet,False,True,0.0,7.3,11.6
203,diger_hizmet,False,True,0.0,4.075,10.4
