n_sek,kalan,siddet,ad,iyi_ortalama,iyi_medyan,iyi_olasilik,iyi_yavas_fark,iyi_pay,baz_ortalama,baz_medyan,baz_olasilik,baz_yavas_fark,baz_pay,kotu_ortalama,kotu_medyan,kotu_olasilik,kotu_yavas_fark,kotu_pay,secim_ortalama,secim_medyan,secim_olasilik,secim_yavas_fark,secim_pay,fark_ortalama,fark_medyan,p_tek,p_iki,anlamli
1,0.7,0.30000000000000004,,0.0,0.0,0.0,0.0,,0.0,0.0,0.0,0.04950980392156863,0.4105738198225674,5.933333333333334,6.5,0.7,-0.19411764705882345,0.40673657380551215,0.0,0.0,0.0,0.4802287581699346,0.3905724461745248,5.933333333333334,6.5,1.1034828028800587e-09,2.2069656057601174e-09,True
1,0.55,0.44999999999999996,,0.0,0.0,0.0,0.0,,0.0,0.0,0.0,0.050980392156862744,0.4060015371216069,6.933333333333334,7.0,0.75,-0.2745098039215686,0.4019085000245137,0.0,0.0,0.0,0.18545751633986926,0.39141942183936873,6.933333333333334,7.0,3.5921963761421153e-10,7.184392752284231e-10,True
1,0.4,0.6,,0.0,0.0,0.0,0.0,,0.0,0.0,0.0,0.10179738562091505,0.3750226860884086,8.383333333333333,8.0,0.7833333333333333,-0.4955882352941176,0.3986787797707651,0.0,0.0,0.0,0.05882352941176472,0.3978980991416387,8.383333333333333,8.0,3.613480370848902e-10,7.226960741697804e-10,True
1,0.3,0.7,,0.0,0.0,0.0,0.0,,0.0,0.0,0.0,0.18627450980392155,0.3822275633061877,10.016666666666667,10.5,0.8333333333333334,-0.8122549019607842,0.39205863577775946,0.0,0.0,0.0,0.10604575163398691,0.398516395756644,10.016666666666667,10.5,1.6520592739295153e-10,3.3041185478590306e-10,True
1,0.2,0.8,,0.0,0.0,0.0,0.0,,0.03333333333333333,0.0,0.0,0.31993464052287585,0.38456895389768553,11.166666666666666,12.0,0.8666666666666667,-1.000816993464052,0.38976223785375663,0.0,0.0,0.0,0.10604575163398687,0.398535413011234,11.166666666666666,12.0,1.1122873581081999e-10,2.2245747162163998e-10,True
2,0.7,0.6000000000000001,,0.0,0.0,0.0,0.0,,0.0,0.0,0.0,0.034313725490196074,0.38522162452783454,5.166666666666667,5.0,0.5333333333333333,-0.07761437908496734,0.41194570231943806,0.0,0.0,0.0,0.6017973856209152,0.38480062311031765,5.166666666666667,5.0,1.1541091577959935e-07,2.308218315591987e-07,True
2,0.55,0.8999999999999999,yumusak,0.0,0.0,0.0,0.0,,0.0,0.0,0.0,0.034313725490196074,0.38997115327964316,8.483333333333333,10.0,0.75,-0.383986928104575,0.39898553749667465,0.0,0.0,0.0,0.6063725490196077,0.3978311679642351,8.483333333333333,10.0,1.6397105429205953e-09,3.2794210858411906e-09,True
2,0.4,1.2,,0.0,0.0,0.0,0.0,,0.0,0.0,0.0,0.2065359477124183,0.3738746247412096,12.133333333333333,14.0,0.8166666666666667,-0.9893790849673203,0.3908202845108485,0.0,0.0,0.0,0.27320261437908494,0.40396895850087133,12.133333333333333,14.0,1.6313382011240184e-10,3.262676402248037e-10,True
2,0.3,1.4,,0.0,0.0,0.0,0.0,,0.0,0.0,0.0,0.4852941176470588,0.37267075016522866,13.983333333333333,16.0,0.8666666666666667,-1.3405228758169936,0.3898340112594336,0.0,0.0,0.0,0.3214052287581699,0.4045356540786465,13.983333333333333,16.0,1.0680411077793265e-10,2.136082215558653e-10,True
2,0.2,1.6,,0.0,0.0,0.0,0.0,,0.48333333333333334,0.0,0.05,0.8227124183006534,0.37395012383328935,15.866666666666667,18.0,0.9333333333333333,-1.618954248366013,0.3903785475755903,0.0,0.0,0.0,0.330718954248366,0.40449535513293833,15.866666666666667,18.0,2.141654055649498e-11,4.283308111298996e-11,True
3,0.7,0.9000000000000001,,0.0,0.0,0.0,0.0,,0.0,0.0,0.0,0.04084967320261438,0.37633963827758615,7.883333333333334,10.0,0.7333333333333333,-0.07794117647058833,0.41197433295998465,0.0,0.0,0.0,0.6468954248366011,0.3976493679638119,7.883333333333334,10.0,1.5267391177975212e-09,3.0534782355950425e-09,True
3,0.55,1.3499999999999999,,0.0,0.0,0.0,0.0,,0.0,0.0,0.0,0.043790849673202605,0.38997115327964316,11.583333333333334,13.5,0.8666666666666667,-0.27761437908496717,0.4055364690919341,0.0,0.0,0.0,1.012908496732026,0.4125917513817922,11.583333333333334,13.5,7.439646543220543e-11,1.4879293086441086e-10,True
3,0.4,1.7999999999999998,,0.0,0.0,0.0,0.0,,0.03333333333333333,0.0,0.0,0.5828431372549019,0.42577097269124087,15.516666666666667,17.0,0.9333333333333333,-0.7816993464052289,0.4006698403953358,0.0,0.0,0.0,1.1140522875816994,0.42003545484599336,15.516666666666667,17.0,1.5303476297799375e-11,3.060695259559875e-11,True
3,0.3,2.0999999999999996,c,0.0,0.0,0.0,0.0,,0.5333333333333333,0.0,0.05,1.2295751633986927,0.43410791534049964,17.166666666666668,18.0,0.9666666666666667,-1.0207516339869283,0.3988148391853692,0.0,0.0,0.0,1.1643790849673201,0.4210728979894206,17.166666666666668,18.0,9.95300140329091e-12,1.990600280658182e-11,True
3,0.2,2.4000000000000004,,0.0,0.0,0.0,0.0,,2.1333333333333333,0.0,0.26666666666666666,1.7488562091503268,0.4092982436977654,18.933333333333334,19.0,1.0,-1.2457516339869281,0.39769769445873515,0.0,0.0,0.0,1.1650326797385622,0.4212448955111089,18.933333333333334,19.0,5.887576111294133e-12,1.1775152222588265e-11,True
4,0.7,1.2000000000000002,,0.0,0.0,0.0,0.0,,0.0,0.0,0.0,0.02810457516339869,0.36823898550606127,8.783333333333333,11.0,0.7833333333333333,-0.13300653594771253,0.40995186021474417,0.0,0.0,0.0,0.7457516339869282,0.3928801286360054,8.783333333333333,11.0,3.498602725349568e-10,6.997205450699136e-10,True
4,0.55,1.7999999999999998,,0.0,0.0,0.0,0.0,,0.0,0.0,0.0,0.02957516339869281,0.38997115327964316,14.2,15.0,0.9666666666666667,-0.41846405228758143,0.40157192358449645,0.0,0.0,0.0,1.2892156862745099,0.4111834150546029,14.2,15.0,1.0183529151686691e-11,2.0367058303373383e-11,True
4,0.4,2.4,,0.0,0.0,0.0,0.0,,0.18333333333333332,0.0,0.0,0.72140522875817,0.43988974903317435,17.883333333333333,18.5,1.0,-0.7705882352941177,0.3994568348177847,0.0,0.0,0.0,1.369117647058823,0.4144368728480323,17.883333333333333,18.5,5.917086701213977e-12,1.1834173402427954e-11,True
4,0.3,2.8,,0.0,0.0,0.0,0.0,,1.0333333333333334,0.0,0.11666666666666667,1.466503267973856,0.4210217674628598,19.616666666666667,20.0,1.0,-0.9964052287581696,0.3994822370704093,0.0,0.0,0.0,1.3946078431372548,0.41258351254640224,19.616666666666667,20.0,4.834127839270386e-12,9.668255678540772e-12,True
4,0.2,3.2,sert,0.0,0.0,0.0,0.0,,4.233333333333333,3.0,0.4666666666666667,2.1588235294117646,0.38195093833948496,20.416666666666668,21.0,1.0,-1.0890522875816988,0.39807728338299875,0.0,0.0,0.0,1.4137254901960785,0.4115766997041367,20.416666666666668,21.0,4.2183957526035266e-12,8.436791505207053e-12,True
