sok,kilit,kilit_esik,gecikme,gecikme_alpha,banka,banka_carpan,esik,pi,n,kalicilik_acik,kalicilik_kapali,kisalma,pi_periyot,erime_oran,kucuk_odenmeyen_payi
c,0,0.5,0,0.0,0,0.0,0.5,0.1,50,0.0,0.0,0.0,0.0,0.0,0.38524170745025266
c,0,0.5,0,0.0,0,0.0,0.5,0.3,50,0.0,0.0,0.0,0.0,0.0,0.38524170745025266
c,0,0.5,0,0.0,0,0.0,0.5,0.6,50,0.0,0.0,0.0,0.0,0.0,0.38524170745025266
c,0,0.5,0,0.0,0,0.0,0.25,0.1,50,0.0,0.0,0.0,0.0,0.0,0.38524170745025266
c,0,0.5,0,0.0,0,0.0,0.25,0.3,50,0.0,0.0,0.0,0.0,0.0,0.38524170745025266
c,0,0.5,0,0.0,0,0.0,0.25,0.6,50,0.0,0.0,0.0,0.0,0.0,0.38524170745025266
c,0,0.5,0,0.0,0,0.0,0.1,0.1,50,0.0,0.0,0.0,0.0,0.0,0.38524170745025266
c,0,0.5,0,0.0,0,0.0,0.1,0.3,50,0.0,0.0,0.0,0.0,0.0,0.38524170745025266
c,0,0.5,0,0.0,0,0.0,0.1,0.6,50,0.0,0.0,0.0,0.0,0.0,0.38524170745025266
c,0,0.5,0,0.0,2,1.0,0.5,0.1,50,0.0,0.0,0.0,0.0,0.0,0.37625123150460654
c,0,0.5,0,0.0,2,1.0,0.5,0.3,50,0.0,0.0,0.0,0.0,0.0,0.37625123150460654
c,0,0.5,0,0.0,2,1.0,0.5,0.6,50,0.0,0.0,0.0,0.0,0.0,0.37625123150460654
c,0,0.5,0,0.0,2,1.0,0.25,0.1,50,0.0,0.0,0.0,0.0,0.0,0.37625123150460654
c,0,0.5,0,0.0,2,1.0,0.25,0.3,50,0.0,0.0,0.0,0.0,0.0,0.37625123150460654
c,0,0.5,0,0.0,2,1.0,0.25,0.6,50,0.0,0.0,0.0,0.0,0.0,0.37625123150460654
c,0,0.5,0,0.0,2,1.0,0.1,0.1,50,0.0,0.0,0.0,0.0,0.0,0.37625123150460654
c,0,0.5,0,0.0,2,1.0,0.1,0.3,50,0.0,0.0,0.0,0.0,0.0,0.37625123150460654
c,0,0.5,0,0.0,2,1.0,0.1,0.6,50,0.0,0.0,0.0,0.0,0.0,0.37625123150460654
c,0,0.5,0,0.0,4,4.0,0.5,0.1,50,0.0,0.0,0.0,0.0,0.0,
c,0,0.5,0,0.0,4,4.0,0.5,0.3,50,0.0,0.0,0.0,0.0,0.0,
c,0,0.5,0,0.0,4,4.0,0.5,0.6,50,0.0,0.0,0.0,0.0,0.0,
c,0,0.5,0,0.0,4,4.0,0.25,0.1,50,0.0,0.0,0.0,0.0,0.0,
c,0,0.5,0,0.0,4,4.0,0.25,0.3,50,0.0,0.0,0.0,0.0,0.0,
c,0,0.5,0,0.0,4,4.0,0.25,0.6,50,0.0,0.0,0.0,0.0,0.0,
c,0,0.5,0,0.0,4,4.0,0.1,0.1,50,0.0,0.0,0.0,0.0,0.0,
c,0,0.5,0,0.0,4,4.0,0.1,0.3,50,0.0,0.0,0.0,0.0,0.0,
c,0,0.5,0,0.0,4,4.0,0.1,0.6,50,0.0,0.0,0.0,0.0,0.0,
c,0,0.5,2,0.15,0,0.0,0.5,0.1,50,0.0,0.0,0.0,0.0,0.0,0.40301888199563374
c,0,0.5,2,0.15,0,0.0,0.5,0.3,50,0.0,0.0,0.0,0.0,0.0,0.40301888199563374
c,0,0.5,2,0.15,0,0.0,0.5,0.6,50,0.0,0.0,0.0,0.0,0.0,0.40301888199563374
c,0,0.5,2,0.15,0,0.0,0.25,0.1,50,0.0,0.0,0.0,0.0,0.0,0.40301888199563374
c,0,0.5,2,0.15,0,0.0,0.25,0.3,50,0.0,0.0,0.0,0.0,0.0,0.40301888199563374
c,0,0.5,2,0.15,0,0.0,0.25,0.6,50,0.0,0.0,0.0,0.0,0.0,0.40301888199563374
c,0,0.5,2,0.15,0,0.0,0.1,0.1,50,0.0,0.0,0.0,0.0,0.0,0.40301888199563374
c,0,0.5,2,0.15,0,0.0,0.1,0.3,50,0.0,0.0,0.0,0.0,0.0,0.40301888199563374
c,0,0.5,2,0.15,0,0.0,0.1,0.6,50,0.0,0.0,0.0,0.0,0.0,0.40301888199563374
c,0,0.5,2,0.15,2,1.0,0.5,0.1,50,0.0,0.0,0.0,0.0,0.0,0.3764561376876636
c,0,0.5,2,0.15,2,1.0,0.5,0.3,50,0.0,0.0,0.0,0.0,0.0,0.3764561376876636
c,0,0.5,2,0.15,2,1.0,0.5,0.6,50,0.0,0.0,0.0,0.0,0.0,0.3764561376876636
c,0,0.5,2,0.15,2,1.0,0.25,0.1,50,0.0,0.0,0.0,0.0,0.0,0.3764561376876636
c,0,0.5,2,0.15,2,1.0,0.25,0.3,50,0.0,0.0,0.0,0.0,0.0,0.3764561376876636
c,0,0.5,2,0.15,2,1.0,0.25,0.6,50,0.0,0.0,0.0,0.0,0.0,0.3764561376876636
c,0,0.5,2,0.15,2,1.0,0.1,0.1,50,0.0,0.0,0.0,0.0,0.0,0.3764561376876636
c,0,0.5,2,0.15,2,1.0,0.1,0.3,50,0.0,0.0,0.0,0.0,0.0,0.3764561376876636
c,0,0.5,2,0.15,2,1.0,0.1,0.6,50,0.0,0.0,0.0,0.0,0.0,0.3764561376876636
c,0,0.5,2,0.15,4,4.0,0.5,0.1,50,0.0,0.0,0.0,0.0,0.0,
c,0,0.5,2,0.15,4,4.0,0.5,0.3,50,0.0,0.0,0.0,0.0,0.0,
c,0,0.5,2,0.15,4,4.0,0.5,0.6,50,0.0,0.0,0.0,0.0,0.0,
c,0,0.5,2,0.15,4,4.0,0.25,0.1,50,0.0,0.0,0.0,0.0,0.0,
c,0,0.5,2,0.15,4,4.0,0.25,0.3,50,0.0,0.0,0.0,0.0,0.0,
c,0,0.5,2,0.15,4,4.0,0.25,0.6,50,0.0,0.0,0.0,0.0,0.0,
c,0,0.5,2,0.15,4,4.0,0.1,0.1,50,0.0,0.0,0.0,0.0,0.0,
c,0,0.5,2,0.15,4,4.0,0.1,0.3,50,0.0,0.0,0.0,0.0,0.0,
c,0,0.5,2,0.15,4,4.0,0.1,0.6,50,0.0,0.0,0.0,0.0,0.0,
c,0,0.5,4,0.6,0,0.0,0.5,0.1,50,0.22,0.22,0.0,0.1,0.00107436126565683,0.409066640563641
c,0,0.5,4,0.6,0,0.0,0.5,0.3,50,0.22,0.22,0.0,0.1,0.002482319249685656,0.40919053761149565
c,0,0.5,4,0.6,0,0.0,0.5,0.6,50,0.22,0.22,0.0,0.08,0.003080233961642912,0.4092918592205485
c,0,0.5,4,0.6,0,0.0,0.25,0.1,50,0.22,0.22,0.0,0.14,0.0013688074612909227,0.4091198010515587
c,0,0.5,4,0.6,0,0.0,0.25,0.3,50,0.22,0.22,0.0,0.14,0.003002708513454648,0.4093434699711031
c,0,0.5,4,0.6,0,0.0,0.25,0.6,50,0.22,0.22,0.0,0.08,0.002755248185358016,0.4094355065241247
c,0,0.5,4,0.6,0,0.0,0.1,0.1,50,0.22,0.22,0.0,0.14,0.0013688074612909227,0.4091198010515587
c,0,0.5,4,0.6,0,0.0,0.1,0.3,50,0.22,0.22,0.0,0.14,0.003002708513454648,0.4093434699711031
c,0,0.5,4,0.6,0,0.0,0.1,0.6,50,0.2,0.22,0.02,0.12,0.003804959828193491,0.4095096584120958
c,0,0.5,4,0.6,2,1.0,0.5,0.1,50,0.0,0.0,0.0,0.0,0.0,0.3801793972493417
c,0,0.5,4,0.6,2,1.0,0.5,0.3,50,0.0,0.0,0.0,0.0,0.0,0.3801793972493417
c,0,0.5,4,0.6,2,1.0,0.5,0.6,50,0.0,0.0,0.0,0.0,0.0,0.3801793972493417
c,0,0.5,4,0.6,2,1.0,0.25,0.1,50,0.0,0.0,0.0,0.0,0.0,0.3801793972493417
c,0,0.5,4,0.6,2,1.0,0.25,0.3,50,0.0,0.0,0.0,0.0,0.0,0.3801793972493417
c,0,0.5,4,0.6,2,1.0,0.25,0.6,50,0.0,0.0,0.0,0.0,0.0,0.3801793972493417
c,0,0.5,4,0.6,2,1.0,0.1,0.1,50,0.0,0.0,0.0,0.0,0.0,0.3801793972493417
c,0,0.5,4,0.6,2,1.0,0.1,0.3,50,0.0,0.0,0.0,0.0,0.0,0.3801793972493417
c,0,0.5,4,0.6,2,1.0,0.1,0.6,50,0.0,0.0,0.0,0.0,0.0,0.3801793972493417
c,0,0.5,4,0.6,4,4.0,0.5,0.1,50,0.0,0.0,0.0,0.0,0.0,
c,0,0.5,4,0.6,4,4.0,0.5,0.3,50,0.0,0.0,0.0,0.0,0.0,
c,0,0.5,4,0.6,4,4.0,0.5,0.6,50,0.0,0.0,0.0,0.0,0.0,
c,0,0.5,4,0.6,4,4.0,0.25,0.1,50,0.0,0.0,0.0,0.0,0.0,
c,0,0.5,4,0.6,4,4.0,0.25,0.3,50,0.0,0.0,0.0,0.0,0.0,
c,0,0.5,4,0.6,4,4.0,0.25,0.6,50,0.0,0.0,0.0,0.0,0.0,
c,0,0.5,4,0.6,4,4.0,0.1,0.1,50,0.0,0.0,0.0,0.0,0.0,
c,0,0.5,4,0.6,4,4.0,0.1,0.3,50,0.0,0.0,0.0,0.0,0.0,
c,0,0.5,4,0.6,4,4.0,0.1,0.6,50,0.0,0.0,0.0,0.0,0.0,
c,2,0.85,0,0.0,0,0.0,0.5,0.1,50,0.7,0.7,0.0,0.0,0.0,0.402589017584612
c,2,0.85,0,0.0,0,0.0,0.5,0.3,50,0.7,0.7,0.0,0.0,0.0,0.402589017584612
c,2,0.85,0,0.0,0,0.0,0.5,0.6,50,0.7,0.7,0.0,0.0,0.0,0.402589017584612
c,2,0.85,0,0.0,0,0.0,0.25,0.1,50,0.56,0.7,0.14,0.02,0.00013011063920108148,0.4026415504263872
c,2,0.85,0,0.0,0,0.0,0.25,0.3,50,0.54,0.7,0.16,0.02,0.0003302808533565914,0.402616157518245
c,2,0.85,0,0.0,0,0.0,0.25,0.6,50,0.52,0.7,0.18,0.02,0.000536706386704461,0.4025904071586715
c,2,0.85,0,0.0,0,0.0,0.1,0.1,50,0.44,0.7,0.26,0.08,0.0004855271148245152,0.40275687879398225
c,2,0.85,0,0.0,0,0.0,0.1,0.3,50,0.38,0.7,0.32,0.06,0.0009263690078278364,0.4028233148940546
c,2,0.85,0,0.0,0,0.0,0.1,0.6,50,0.38,0.7,0.32,0.06,0.0015053496377202338,0.40288134495376504
c,2,0.85,0,0.0,2,1.0,0.5,0.1,50,0.0,0.0,0.0,0.0,0.0,0.4092178069116364
c,2,0.85,0,0.0,2,1.0,0.5,0.3,50,0.0,0.0,0.0,0.0,0.0,0.4092178069116364
c,2,0.85,0,0.0,2,1.0,0.5,0.6,50,0.0,0.0,0.0,0.0,0.0,0.4092178069116364
c,2,0.85,0,0.0,2,1.0,0.25,0.1,50,0.0,0.0,0.0,0.0,0.0,0.4092178069116364
c,2,0.85,0,0.0,2,1.0,0.25,0.3,50,0.0,0.0,0.0,0.0,0.0,0.4092178069116364
c,2,0.85,0,0.0,2,1.0,0.25,0.6,50,0.0,0.0,0.0,0.0,0.0,0.4092178069116364
c,2,0.85,0,0.0,2,1.0,0.1,0.1,50,0.0,0.0,0.0,0.0,0.0,0.4092178069116364
c,2,0.85,0,0.0,2,1.0,0.1,0.3,50,0.0,0.0,0.0,0.0,0.0,0.4092178069116364
c,2,0.85,0,0.0,2,1.0,0.1,0.6,50,0.0,0.0,0.0,0.0,0.0,0.4092178069116364
c,2,0.85,0,0.0,4,4.0,0.5,0.1,50,0.0,0.0,0.0,0.0,0.0,
c,2,0.85,0,0.0,4,4.0,0.5,0.3,50,0.0,0.0,0.0,0.0,0.0,
c,2,0.85,0,0.0,4,4.0,0.5,0.6,50,0.0,0.0,0.0,0.0,0.0,
c,2,0.85,0,0.0,4,4.0,0.25,0.1,50,0.0,0.0,0.0,0.0,0.0,
c,2,0.85,0,0.0,4,4.0,0.25,0.3,50,0.0,0.0,0.0,0.0,0.0,
c,2,0.85,0,0.0,4,4.0,0.25,0.6,50,0.0,0.0,0.0,0.0,0.0,
c,2,0.85,0,0.0,4,4.0,0.1,0.1,50,0.0,0.0,0.0,0.0,0.0,
c,2,0.85,0,0.0,4,4.0,0.1,0.3,50,0.0,0.0,0.0,0.0,0.0,
c,2,0.85,0,0.0,4,4.0,0.1,0.6,50,0.0,0.0,0.0,0.0,0.0,
c,2,0.85,2,0.15,0,0.0,0.5,0.1,50,13.08,13.08,0.0,9.68,0.0911115310534771,0.39935360357171207
c,2,0.85,2,0.15,0,0.0,0.5,0.3,50,11.74,13.08,1.34,4.28,0.0758637633156642,0.4015979101011167
c,2,0.85,2,0.15,0,0.0,0.5,0.6,50,10.58,13.08,2.5,2.58,0.0735640516845194,0.4019197487372735
c,2,0.85,2,0.15,0,0.0,0.25,0.1,50,13.08,13.08,0.0,10.78,0.08595166611547729,0.3993165273424022
c,2,0.85,2,0.15,0,0.0,0.25,0.3,50,10.1,13.08,2.98,4.48,0.07215363260608929,0.4023454048880361
c,2,0.85,2,0.15,0,0.0,0.25,0.6,50,7.86,13.08,5.22,2.58,0.06705322511902267,0.40433462666820363
c,2,0.85,2,0.15,0,0.0,0.1,0.1,50,12.98,13.08,0.1,11.24,0.08169543043789657,0.399471437817888
c,2,0.85,2,0.15,0,0.0,0.1,0.3,50,7.32,13.08,5.76,4.64,0.0707729181160254,0.4043881226489855
c,2,0.85,2,0.15,0,0.0,0.1,0.6,50,5.26,13.08,7.82,2.52,0.06220353828667549,0.40487606967971723
c,2,0.85,2,0.15,2,1.0,0.5,0.1,50,0.58,0.58,0.0,0.04,0.00036681825895234604,0.4181764290196488
c,2,0.85,2,0.15,2,1.0,0.5,0.3,50,0.58,0.58,0.0,0.04,0.0008826773605083704,0.4182113650486351
c,2,0.85,2,0.15,2,1.0,0.5,0.6,50,0.58,0.58,0.0,0.04,0.001354772728948513,0.4182330957718692
c,2,0.85,2,0.15,2,1.0,0.25,0.1,50,0.58,0.58,0.0,0.12,0.0009732606968684429,0.4182327589218029
c,2,0.85,2,0.15,2,1.0,0.25,0.3,50,0.58,0.58,0.0,0.12,0.0023128866236168254,0.4183303116435696
c,2,0.85,2,0.15,2,1.0,0.25,0.6,50,0.58,0.58,0.0,0.12,0.0035125207374373437,0.41840437049453044
c,2,0.85,2,0.15,2,1.0,0.1,0.1,50,0.58,0.58,0.0,0.22,0.001580577421154699,0.41830562539900085
c,2,0.85,2,0.15,2,1.0,0.1,0.3,50,0.58,0.58,0.0,0.18,0.003064843886487278,0.41853289660808846
c,2,0.85,2,0.15,2,1.0,0.1,0.6,50,0.58,0.58,0.0,0.1,0.0027791528927775823,0.4186120986698952
c,2,0.85,2,0.15,4,4.0,0.5,0.1,50,0.0,0.0,0.0,0.0,0.0,
c,2,0.85,2,0.15,4,4.0,0.5,0.3,50,0.0,0.0,0.0,0.0,0.0,
c,2,0.85,2,0.15,4,4.0,0.5,0.6,50,0.0,0.0,0.0,0.0,0.0,
c,2,0.85,2,0.15,4,4.0,0.25,0.1,50,0.0,0.0,0.0,0.0,0.0,
c,2,0.85,2,0.15,4,4.0,0.25,0.3,50,0.0,0.0,0.0,0.0,0.0,
c,2,0.85,2,0.15,4,4.0,0.25,0.6,50,0.0,0.0,0.0,0.0,0.0,
c,2,0.85,2,0.15,4,4.0,0.1,0.1,50,0.0,0.0,0.0,0.0,0.0,
c,2,0.85,2,0.15,4,4.0,0.1,0.3,50,0.0,0.0,0.0,0.0,0.0,
c,2,0.85,2,0.15,4,4.0,0.1,0.6,50,0.0,0.0,0.0,0.0,0.0,
c,2,0.85,4,0.6,0,0.0,0.5,0.1,50,17.46,17.46,0.0,14.98,0.26280333249322224,0.39838824022122465
c,2,0.85,4,0.6,0,0.0,0.5,0.3,50,17.46,17.46,0.0,14.98,0.36677370693502254,0.40124729998812875
c,2,0.85,4,0.6,0,0.0,0.5,0.6,50,17.46,17.46,0.0,11.7,0.3111903608659559,0.4040556628415941
c,2,0.85,4,0.6,0,0.0,0.25,0.1,50,17.46,17.46,0.0,15.66,0.26172508966711716,0.39847250299030174
c,2,0.85,4,0.6,0,0.0,0.25,0.3,50,17.46,17.46,0.0,15.66,0.35383600652635727,0.40113422185776243
c,2,0.85,4,0.6,0,0.0,0.25,0.6,50,17.14,17.46,0.32,11.52,0.28054975883048877,0.40133892971736734
c,2,0.85,4,0.6,0,0.0,0.1,0.1,50,17.46,17.46,0.0,16.1,0.26063726343726146,0.3985561789119319
c,2,0.85,4,0.6,0,0.0,0.1,0.3,50,17.46,17.46,0.0,16.1,0.3412211314207425,0.40094434163995935
c,2,0.85,4,0.6,0,0.0,0.1,0.6,50,15.68,17.46,1.78,11.3,0.26273088245052656,0.40167311744464734
c,2,0.85,4,0.6,2,1.0,0.5,0.1,50,6.3,6.3,0.0,4.4,0.0578420096075709,0.4176632446888244
c,2,0.85,4,0.6,2,1.0,0.5,0.3,50,6.3,6.3,0.0,4.4,0.10127757035526662,0.4210591238762278
c,2,0.85,4,0.6,2,1.0,0.5,0.6,50,6.3,6.3,0.0,4.28,0.1206436719920879,0.42511337272365113
c,2,0.85,4,0.6,2,1.0,0.25,0.1,50,6.3,6.3,0.0,4.96,0.05961030450268666,0.41796602496500407
c,2,0.85,4,0.6,2,1.0,0.25,0.3,50,6.3,6.3,0.0,4.96,0.10165147851006313,0.4219676192656144
c,2,0.85,4,0.6,2,1.0,0.25,0.6,50,6.26,6.3,0.04,4.66,0.11569893067063561,0.42900017878584384
c,2,0.85,4,0.6,2,1.0,0.1,0.1,50,6.3,6.3,0.0,5.36,0.06070997579983623,0.4181570130013386
c,2,0.85,4,0.6,2,1.0,0.1,0.3,50,6.3,6.3,0.0,5.36,0.10152189807601963,0.4228892216375637
c,2,0.85,4,0.6,2,1.0,0.1,0.6,50,6.12,6.3,0.18,4.78,0.1117580855962445,0.43159749630231103
c,2,0.85,4,0.6,4,4.0,0.5,0.1,50,0.0,0.0,0.0,0.0,0.0,
c,2,0.85,4,0.6,4,4.0,0.5,0.3,50,0.0,0.0,0.0,0.0,0.0,
c,2,0.85,4,0.6,4,4.0,0.5,0.6,50,0.0,0.0,0.0,0.0,0.0,
c,2,0.85,4,0.6,4,4.0,0.25,0.1,50,0.0,0.0,0.0,0.0,0.0,
c,2,0.85,4,0.6,4,4.0,0.25,0.3,50,0.0,0.0,0.0,0.0,0.0,
c,2,0.85,4,0.6,4,4.0,0.25,0.6,50,0.0,0.0,0.0,0.0,0.0,
c,2,0.85,4,0.6,4,4.0,0.1,0.1,50,0.0,0.0,0.0,0.0,0.0,
c,2,0.85,4,0.6,4,4.0,0.1,0.3,50,0.0,0.0,0.0,0.0,0.0,
c,2,0.85,4,0.6,4,4.0,0.1,0.6,50,0.0,0.0,0.0,0.0,0.0,
c,4,0.99,0,0.0,0,0.0,0.5,0.1,50,18.84,18.84,0.0,15.8,0.18430975502608263,0.4010517200271292
c,4,0.99,0,0.0,0,0.0,0.5,0.3,50,16.94,18.84,1.9,10.14,0.21652695277887507,0.40076012108784625
c,4,0.99,0,0.0,0,0.0,0.5,0.6,50,16.56,18.84,2.28,8.34,0.23822324597855662,0.40414192278867317
c,4,0.99,0,0.0,0,0.0,0.25,0.1,50,18.84,18.84,0.0,16.68,0.18324073806897678,0.4009936314840274
c,4,0.99,0,0.0,0,0.0,0.25,0.3,50,15.26,18.84,3.58,11.4,0.22487586730266196,0.39864056649972157
c,4,0.99,0,0.0,0,0.0,0.25,0.6,50,13.62,18.84,5.22,9.18,0.24285055055611696,0.40134161529025425
c,4,0.99,0,0.0,0,0.0,0.1,0.1,50,18.8,18.84,0.04,17.1,0.18182466176077142,0.40090647181487243
c,4,0.99,0,0.0,0,0.0,0.1,0.3,50,14.24,18.84,4.6,12.38,0.23257436242743354,0.39825887787165953
c,4,0.99,0,0.0,0,0.0,0.1,0.6,50,11.84,18.84,7.0,9.84,0.24850182023314638,0.3991950789159324
c,4,0.99,0,0.0,2,1.0,0.5,0.1,50,7.26,7.26,0.0,3.48,0.0334710447476471,0.3967262598648638
c,4,0.99,0,0.0,2,1.0,0.5,0.3,50,7.22,7.26,0.04,2.8,0.05718908167815938,0.3972405596960757
c,4,0.99,0,0.0,2,1.0,0.5,0.6,50,6.98,7.26,0.28,2.06,0.06429483479377686,0.3974776687347488
c,4,0.99,0,0.0,2,1.0,0.25,0.1,50,7.26,7.26,0.0,4.66,0.04019240827813981,0.3970304503232764
c,4,0.99,0,0.0,2,1.0,0.25,0.3,50,6.74,7.26,0.52,3.22,0.059866983876660444,0.39772568550335535
c,4,0.99,0,0.0,2,1.0,0.25,0.6,50,6.24,7.26,1.02,2.44,0.06941505581350625,0.3983839152122522
c,4,0.99,0,0.0,2,1.0,0.1,0.1,50,7.22,7.26,0.04,5.48,0.04425579798553869,0.3974679998482311
c,4,0.99,0,0.0,2,1.0,0.1,0.3,50,6.06,7.26,1.2,3.92,0.06819690307256296,0.39854518595232585
c,4,0.99,0,0.0,2,1.0,0.1,0.6,50,5.28,7.26,1.98,2.8,0.074860822456463,0.39915289033645285
c,4,0.99,0,0.0,4,4.0,0.5,0.1,50,0.0,0.0,0.0,0.0,0.0,
c,4,0.99,0,0.0,4,4.0,0.5,0.3,50,0.0,0.0,0.0,0.0,0.0,
c,4,0.99,0,0.0,4,4.0,0.5,0.6,50,0.0,0.0,0.0,0.0,0.0,
c,4,0.99,0,0.0,4,4.0,0.25,0.1,50,0.0,0.0,0.0,0.0,0.0,
c,4,0.99,0,0.0,4,4.0,0.25,0.3,50,0.0,0.0,0.0,0.0,0.0,
c,4,0.99,0,0.0,4,4.0,0.25,0.6,50,0.0,0.0,0.0,0.0,0.0,
c,4,0.99,0,0.0,4,4.0,0.1,0.1,50,0.0,0.0,0.0,0.0,0.0,
c,4,0.99,0,0.0,4,4.0,0.1,0.3,50,0.0,0.0,0.0,0.0,0.0,
c,4,0.99,0,0.0,4,4.0,0.1,0.6,50,0.0,0.0,0.0,0.0,0.0,
c,4,0.99,2,0.15,0,0.0,0.5,0.1,50,19.34,19.34,0.0,16.98,0.287212708377559,0.40213756520537364
c,4,0.99,2,0.15,0,0.0,0.5,0.3,50,19.34,19.34,0.0,16.98,0.3986894054356618,0.4069838386789498
c,4,0.99,2,0.15,0,0.0,0.5,0.6,50,19.34,19.34,0.0,14.68,0.4165146910295249,0.40810721156270846
c,4,0.99,2,0.15,0,0.0,0.25,0.1,50,19.34,19.34,0.0,17.72,0.28622976650319704,0.40267178629251177
c,4,0.99,2,0.15,0,0.0,0.25,0.3,50,19.34,19.34,0.0,17.72,0.39256301875564864,0.4079414300812793
c,4,0.99,2,0.15,0,0.0,0.25,0.6,50,19.32,19.34,0.02,16.04,0.42009675551871384,0.40666937381593293
c,4,0.99,2,0.15,0,0.0,0.1,0.1,50,19.34,19.34,0.0,18.0,0.2856072489729628,0.4028505308149146
c,4,0.99,2,0.15,0,0.0,0.1,0.3,50,19.34,19.34,0.0,18.0,0.3895251948657755,0.4080805892357865
c,4,0.99,2,0.15,0,0.0,0.1,0.6,50,18.82,19.34,0.52,16.3,0.41374356279830726,0.40479883297896657
c,4,0.99,2,0.15,2,1.0,0.5,0.1,50,11.84,11.84,0.0,8.68,0.11670188311908214,0.4007981242650375
c,4,0.99,2,0.15,2,1.0,0.5,0.3,50,11.84,11.84,0.0,8.68,0.19964925433459269,0.4031825303320902
c,4,0.99,2,0.15,2,1.0,0.5,0.6,50,11.84,11.84,0.0,8.24,0.236688778157729,0.4041160217362728
c,4,0.99,2,0.15,2,1.0,0.25,0.1,50,11.84,11.84,0.0,9.76,0.11970343254266019,0.40110610734467705
c,4,0.99,2,0.15,2,1.0,0.25,0.3,50,11.84,11.84,0.0,9.76,0.2001279643078222,0.4032565415822471
c,4,0.99,2,0.15,2,1.0,0.25,0.6,50,11.82,11.84,0.02,8.82,0.23039402266595665,0.40302196120792777
c,4,0.99,2,0.15,2,1.0,0.1,0.1,50,11.84,11.84,0.0,10.34,0.11986854117064798,0.40112675174871526
c,4,0.99,2,0.15,2,1.0,0.1,0.3,50,11.84,11.84,0.0,10.3,0.1967002598971639,0.4020387904539263
c,4,0.99,2,0.15,2,1.0,0.1,0.6,50,11.2,11.84,0.64,8.96,0.2214076591045159,0.4017017186152123
c,4,0.99,2,0.15,4,4.0,0.5,0.1,50,0.0,0.0,0.0,0.0,0.0,
c,4,0.99,2,0.15,4,4.0,0.5,0.3,50,0.0,0.0,0.0,0.0,0.0,
c,4,0.99,2,0.15,4,4.0,0.5,0.6,50,0.0,0.0,0.0,0.0,0.0,
c,4,0.99,2,0.15,4,4.0,0.25,0.1,50,0.0,0.0,0.0,0.0,0.0,
c,4,0.99,2,0.15,4,4.0,0.25,0.3,50,0.0,0.0,0.0,0.0,0.0,
c,4,0.99,2,0.15,4,4.0,0.25,0.6,50,0.0,0.0,0.0,0.0,0.0,
c,4,0.99,2,0.15,4,4.0,0.1,0.1,50,0.0,0.0,0.0,0.0,0.0,
c,4,0.99,2,0.15,4,4.0,0.1,0.3,50,0.0,0.0,0.0,0.0,0.0,
c,4,0.99,2,0.15,4,4.0,0.1,0.6,50,0.0,0.0,0.0,0.0,0.0,
c,4,0.99,4,0.6,0,0.0,0.5,0.1,50,20.34,20.34,0.0,18.18,0.3784868710423397,0.3986960691751169
c,4,0.99,4,0.6,0,0.0,0.5,0.3,50,20.34,20.34,0.0,18.18,0.5335601591051906,0.4003428008430717
c,4,0.99,4,0.6,0,0.0,0.5,0.6,50,20.34,20.34,0.0,18.18,0.5629432846277265,0.4043760574251728
c,4,0.99,4,0.6,0,0.0,0.25,0.1,50,20.34,20.34,0.0,18.74,0.3786328234912839,0.3987679147022361
c,4,0.99,4,0.6,0,0.0,0.25,0.3,50,20.34,20.34,0.0,18.74,0.530468624955439,0.4007073086866652
c,4,0.99,4,0.6,0,0.0,0.25,0.6,50,20.34,20.34,0.0,18.74,0.5552136103770156,0.40521204351621476
c,4,0.99,4,0.6,0,0.0,0.1,0.1,50,20.34,20.34,0.0,19.02,0.3787194508522439,0.39883001802257917
c,4,0.99,4,0.6,0,0.0,0.1,0.3,50,20.34,20.34,0.0,19.02,0.5288038986517777,0.40091727532435023
c,4,0.99,4,0.6,0,0.0,0.1,0.6,50,20.34,20.34,0.0,19.02,0.5523106404371149,0.40598159371802
c,4,0.99,4,0.6,2,1.0,0.5,0.1,50,14.78,14.78,0.0,12.1,0.20886899558570718,0.3989611862924958
c,4,0.99,4,0.6,2,1.0,0.5,0.3,50,14.78,14.78,0.0,12.1,0.3340179807141183,0.4013895754519847
c,4,0.99,4,0.6,2,1.0,0.5,0.6,50,14.78,14.78,0.0,12.1,0.37767489417437766,0.4040572053518695
c,4,0.99,4,0.6,2,1.0,0.25,0.1,50,14.78,14.78,0.0,12.88,0.21036359851143302,0.3991116792217961
c,4,0.99,4,0.6,2,1.0,0.25,0.3,50,14.78,14.78,0.0,12.88,0.33146118889676984,0.40161500929689775
c,4,0.99,4,0.6,2,1.0,0.25,0.6,50,14.78,14.78,0.0,12.88,0.3723697477708533,0.40437331568965135
c,4,0.99,4,0.6,2,1.0,0.1,0.1,50,14.78,14.78,0.0,13.36,0.21096523217741783,0.39919782530296716
c,4,0.99,4,0.6,2,1.0,0.1,0.3,50,14.78,14.78,0.0,13.36,0.32970696791099646,0.40180160498632495
c,4,0.99,4,0.6,2,1.0,0.1,0.6,50,14.78,14.78,0.0,13.36,0.36792306599198377,0.40435900693939897
c,4,0.99,4,0.6,4,4.0,0.5,0.1,50,0.0,0.0,0.0,0.0,0.0,
c,4,0.99,4,0.6,4,4.0,0.5,0.3,50,0.0,0.0,0.0,0.0,0.0,
c,4,0.99,4,0.6,4,4.0,0.5,0.6,50,0.0,0.0,0.0,0.0,0.0,
c,4,0.99,4,0.6,4,4.0,0.25,0.1,50,0.0,0.0,0.0,0.0,0.0,
c,4,0.99,4,0.6,4,4.0,0.25,0.3,50,0.0,0.0,0.0,0.0,0.0,
c,4,0.99,4,0.6,4,4.0,0.25,0.6,50,0.0,0.0,0.0,0.0,0.0,
c,4,0.99,4,0.6,4,4.0,0.1,0.1,50,0.0,0.0,0.0,0.0,0.0,
c,4,0.99,4,0.6,4,4.0,0.1,0.3,50,0.0,0.0,0.0,0.0,0.0,
c,4,0.99,4,0.6,4,4.0,0.1,0.6,50,0.0,0.0,0.0,0.0,0.0,
