kilit,alpha,banka,valf,n,kalicilik,reel,erime,fx_acik,pi_periyot
2,0.0,0.0,kapali,50,1.6,0.3782533585677348,0.0,0.16373025486902829,0.0
2,0.0,0.0,acik,50,1.58,0.3782533585677348,0.003384798108573087,0.16373025486902829,0.18
2,0.0,1.0,kapali,50,0.04,0.3782533585677348,0.0,0.16373025486902829,0.0
2,0.0,1.0,acik,50,0.04,0.3782533585677348,0.0,0.16373025486902829,0.0
2,0.0,4.0,kapali,50,0.0,0.3782533585677348,0.0,0.16373025486902829,0.0
2,0.0,4.0,acik,50,0.0,0.3782533585677348,0.0,0.16373025486902829,0.0
2,0.15,0.0,kapali,50,4.14,0.3782533585677348,0.0,0.16373025486902829,0.0
2,0.15,0.0,acik,50,4.14,0.3782533585677348,0.022162218700239374,0.16373025486902829,1.38
2,0.15,1.0,kapali,50,1.36,0.3782533585677348,0.0,0.16373025486902829,0.0
2,0.15,1.0,acik,50,1.36,0.3782533585677348,0.005073314402771733,0.16373025486902829,0.26
2,0.15,4.0,kapali,50,0.0,0.3782533585677348,0.0,0.16373025486902829,0.0
2,0.15,4.0,acik,50,0.0,0.3782533585677348,0.0,0.16373025486902829,0.0
2,0.6,0.0,kapali,50,8.12,0.3782533585677348,0.0,0.16373025486902829,0.0
2,0.6,0.0,acik,50,8.12,0.3782533585677348,0.07608164470763575,0.16373025486902829,5.16
2,0.6,1.0,kapali,50,3.36,0.3782533585677348,0.0,0.16373025486902829,0.0
2,0.6,1.0,acik,50,3.36,0.3782533585677348,0.03004067787601542,0.16373025486902829,1.76
2,0.6,4.0,kapali,50,0.3,0.3782533585677348,0.0,0.16373025486902829,0.0
2,0.6,4.0,acik,50,0.3,0.3782533585677348,0.0,0.16373025486902829,0.0
