fx,lider_gec,s,kal,yerel,reel,yk,fazla
False,False,0,0.0,0.0,0.0,0.0,
False,False,1,0.0,0.0,0.0,0.0,
False,False,2,0.0,3.0,0.0,0.0,
False,False,3,0.0,0.0,0.0,0.0,
False,False,4,0.0,0.0,0.0,0.0,
False,False,5,0.0,0.0,0.0,0.0,
False,False,6,0.0,15.0,0.0,0.0,
False,False,7,0.0,0.0,0.0,0.0,
False,False,8,0.0,0.0,0.0,0.0,
False,False,9,0.0,0.0,0.0,0.0,
False,False,10,0.0,0.0,0.0,0.0,
False,False,11,0.0,0.0,0.0,0.0,
False,False,12,0.0,0.0,0.0,0.0,
False,False,13,0.0,0.0,0.0,0.0,
False,False,14,0.0,0.0,0.0,0.0,
False,False,15,0.0,0.0,0.0,0.0,
False,False,16,0.0,0.0,0.0,0.0,
False,False,17,0.0,0.0,0.0,0.0,
False,False,18,0.0,0.0,0.0,0.0,
False,False,19,0.0,0.0,0.0,0.0,
False,False,20,0.0,0.0,0.0,0.0,
False,False,21,0.0,0.0,0.0,0.0,
False,False,22,0.0,0.0,0.0,0.0,
False,False,23,0.0,3.0,0.0,0.0,
False,False,24,0.0,0.0,0.0,0.0,
False,False,25,0.0,3.0,0.0,0.0,
False,False,26,0.0,0.0,0.0,0.0,
False,False,27,0.0,0.0,0.0,0.0,
False,False,28,0.0,0.0,0.0,0.0,
False,False,29,0.0,0.0,0.0,0.0,
False,False,30,0.0,0.0,0.0,0.0,
False,False,31,0.0,0.0,0.0,0.0,
False,False,32,0.0,0.0,0.0,0.0,
False,False,33,0.0,0.0,0.0,0.0,
False,False,34,0.0,0.0,0.0,0.0,
False,False,35,0.0,0.0,0.0,0.0,
False,False,36,0.0,0.0,0.0,0.0,
False,False,37,0.0,0.0,0.0,0.0,
False,False,38,0.0,3.0,0.0,0.0,
False,False,39,0.0,0.0,0.0,0.0,
False,False,40,0.0,0.0,0.0,0.0,
False,False,41,0.0,3.0,0.0,0.0,
False,False,42,0.0,0.0,0.0,0.0,
False,False,43,0.0,0.0,0.0,0.0,
False,False,44,0.0,0.0,0.0,0.0,
False,False,45,0.0,0.0,0.0,0.0,
False,False,46,0.0,3.0,0.0,0.0,
False,False,47,0.0,0.0,0.0,0.0,
False,False,48,0.0,0.0,0.0,0.0,
False,False,49,0.0,0.0,0.0,0.0,
False,True,0,0.0,0.0,0.0,0.0,
False,True,1,0.0,0.0,0.0,0.0,
False,True,2,0.0,3.0,0.0,0.0,
False,True,3,0.0,0.0,0.0,0.0,
False,True,4,0.0,0.0,0.0,0.0,
False,True,5,0.0,0.0,0.0,0.0,
False,True,6,0.0,15.0,0.0,0.0,
False,True,7,0.0,0.0,0.0,0.0,
False,True,8,0.0,0.0,0.0,0.0,
False,True,9,0.0,0.0,0.0,0.0,
False,True,10,0.0,0.0,0.0,0.0,
False,True,11,0.0,0.0,0.0,0.0,
False,True,12,0.0,0.0,0.0,0.0,
False,True,13,0.0,0.0,0.0,0.0,
False,True,14,0.0,0.0,0.0,0.0,
False,True,15,0.0,0.0,0.0,0.0,
False,True,16,0.0,0.0,0.0,0.0,
False,True,17,0.0,0.0,0.0,0.0,
False,True,18,0.0,0.0,0.0,0.0,
False,True,19,0.0,0.0,0.0,0.0,
False,True,20,0.0,0.0,0.0,0.0,
False,True,21,0.0,0.0,0.0,0.0,
False,True,22,0.0,0.0,0.0,0.0,
False,True,23,0.0,3.0,0.0,0.0,
False,True,24,0.0,0.0,0.0,0.0,
False,True,25,0.0,3.0,0.0,0.0,
False,True,26,0.0,0.0,0.0,0.0,
False,True,27,0.0,0.0,0.0,0.0,
False,True,28,0.0,0.0,0.0,0.0,
False,True,29,0.0,0.0,0.0,0.0,
False,True,30,0.0,0.0,0.0,0.0,
False,True,31,0.0,0.0,0.0,0.0,
False,True,32,0.0,0.0,0.0,0.0,
False,True,33,0.0,0.0,0.0,0.0,
False,True,34,0.0,0.0,0.0,0.0,
False,True,35,0.0,0.0,0.0,0.0,
False,True,36,0.0,0.0,0.0,0.0,
False,True,37,0.0,0.0,0.0,0.0,
False,True,38,0.0,3.0,0.0,0.0,
False,True,39,0.0,0.0,0.0,0.0,
False,True,40,0.0,0.0,0.0,0.0,
False,True,41,0.0,3.0,0.0,0.0,
False,True,42,0.0,0.0,0.0,0.0,
False,True,43,0.0,0.0,0.0,0.0,
False,True,44,0.0,0.0,0.0,0.0,
False,True,45,0.0,0.0,0.0,0.0,
False,True,46,0.0,3.0,0.0,0.0,
False,True,47,0.0,0.0,0.0,0.0,
False,True,48,0.0,0.0,0.0,0.0,
False,True,49,0.0,0.0,0.0,0.0,
True,False,0,0.0,0.0,0.5588704626432035,0.0,0.032882798257826466
True,False,1,0.0,0.0,0.5579928566446776,0.0,0.0329301023632765
True,False,2,0.0,0.0,0.558572525971214,0.0,0.03324790670311913
True,False,3,0.0,0.0,0.559132252297804,0.0,0.03290042132507894
True,False,4,0.0,0.0,0.5590274319135804,0.0,0.03277443861382275
True,False,5,0.0,0.0,0.5584456410414939,0.0,0.03291513966821168
True,False,6,0.0,0.0,0.5574837338800147,0.0,0.03338542427595768
True,False,7,0.0,0.0,0.5599298060518579,0.0,0.032591927593428945
True,False,8,0.0,0.0,0.5593210723625942,0.0,0.03264121641116569
True,False,9,0.0,0.0,0.5594742690504854,0.0,0.03272946128146268
True,False,10,0.0,0.0,0.5591893020150054,0.0,0.03266760995532989
True,False,11,0.0,0.0,0.5587127609781654,0.0,0.03306968641741297
True,False,12,0.0,0.0,0.5584942804082137,0.0,0.03286110294430188
True,False,13,0.0,0.0,0.5575349223656326,0.0,0.03314630068991415
True,False,14,0.0,0.0,0.5579848220276011,0.0,0.03304462071590319
True,False,15,0.0,0.0,0.5572298830355437,0.0,0.032879690788029804
True,False,16,0.0,0.0,0.5601546877201768,0.0,0.03268951048738474
True,False,17,0.0,0.0,0.5583052322297865,0.0,0.033136219794871975
True,False,18,0.0,0.0,0.5571471279916271,0.0,0.0331908356750553
True,False,19,0.0,0.0,0.5581507054624139,0.0,0.03312035690921734
True,False,20,0.0,0.0,0.5591321614731588,0.0,0.032796850464685216
True,False,21,0.0,0.0,0.5578119727761806,0.0,0.033065133020725106
True,False,22,0.0,0.0,0.558903654197487,0.0,0.0330477135684883
True,False,23,0.0,0.0,0.5582725606403091,0.0,0.03322937005562831
True,False,24,0.0,0.0,0.5591289188479078,0.0,0.032794099067930564
True,False,25,0.0,0.0,0.5570469627100539,0.0,0.03332103700792472
True,False,26,0.0,0.0,0.5590008876990901,0.0,0.03284402818962872
True,False,27,0.0,0.0,0.5579338136126175,0.0,0.03319516716088273
True,False,28,0.0,0.0,0.5590192704014916,0.0,0.03286610623744108
True,False,29,0.0,0.0,0.5572912161793614,0.0,0.03327490864379653
True,False,30,0.0,0.0,0.5576334545819865,0.0,0.032939263062472905
True,False,31,0.0,0.0,0.5588294325963595,0.0,0.033012960895402683
True,False,32,0.0,0.0,0.5577960553309584,0.0,0.033132043262298884
True,False,33,0.0,0.0,0.5593167048987183,0.0,0.033021981997942616
True,False,34,0.0,0.0,0.5578743363127873,0.0,0.03322605090168971
True,False,35,0.0,0.0,0.557246979241683,0.0,0.03300399611178687
True,False,36,0.0,0.0,0.5597867118259613,0.0,0.03273149736390648
True,False,37,0.0,0.0,0.5592664784045539,0.0,0.03283727671135566
True,False,38,0.0,0.0,0.5574771869559824,0.0,0.03333310864459147
True,False,39,0.0,0.0,0.5580869940114023,0.0,0.03290923113726902
True,False,40,0.0,0.0,0.5582587661681688,0.0,0.032837064358837466
True,False,41,0.0,0.0,0.558293112428888,0.0,0.03332269449873563
True,False,42,0.0,0.0,0.5600549353929007,0.0,0.03276234704677896
True,False,43,0.0,0.0,0.557669999446622,0.0,0.032921798902458284
True,False,44,0.0,0.0,0.5574891139352541,0.0,0.033239985327916714
True,False,45,0.0,0.0,0.5578478377145693,0.0,0.033094379876331174
True,False,46,0.0,0.0,0.5572773320891501,0.0,0.03335007361805118
True,False,47,0.0,0.0,0.5586304156830008,0.0,0.032976088911000685
True,False,48,0.0,0.0,0.5591298769964798,0.0,0.0330762460976333
True,False,49,0.0,0.0,0.5586259697801125,0.0,0.03291440349365209
True,True,0,0.0,0.0,0.5588704626432035,0.0,0.032882798257826466
True,True,1,0.0,0.0,0.5579928566446776,0.0,0.0329301023632765
True,True,2,0.0,0.0,0.558572525971214,0.0,0.03324790670311913
True,True,3,0.0,0.0,0.559132252297804,0.0,0.03290042132507894
True,True,4,0.0,0.0,0.5590274319135804,0.0,0.03277443861382275
True,True,5,0.0,0.0,0.5584456410414939,0.0,0.03291513966821168
True,True,6,0.0,0.0,0.5574837338800147,0.0,0.03338542427595768
True,True,7,0.0,0.0,0.5599298060518579,0.0,0.032591927593428945
True,True,8,0.0,0.0,0.5593210723625942,0.0,0.03264121641116569
True,True,9,0.0,0.0,0.5594742690504854,0.0,0.03272946128146268
True,True,10,0.0,0.0,0.5591893020150054,0.0,0.03266760995532989
True,True,11,0.0,0.0,0.5587127609781654,0.0,0.03306968641741297
True,True,12,0.0,0.0,0.5584942804082137,0.0,0.03286110294430188
True,True,13,0.0,0.0,0.5575349223656326,0.0,0.03314630068991415
True,True,14,0.0,0.0,0.5579848220276011,0.0,0.03304462071590319
True,True,15,0.0,0.0,0.5572298830355437,0.0,0.032879690788029804
True,True,16,0.0,0.0,0.5601546877201768,0.0,0.03268951048738474
True,True,17,0.0,0.0,0.5583052322297865,0.0,0.033136219794871975
True,True,18,0.0,0.0,0.5571471279916271,0.0,0.0331908356750553
True,True,19,0.0,0.0,0.5581507054624139,0.0,0.03312035690921734
True,True,20,0.0,0.0,0.5591321614731588,0.0,0.032796850464685216
True,True,21,0.0,0.0,0.5578119727761806,0.0,0.033065133020725106
True,True,22,0.0,0.0,0.558903654197487,0.0,0.0330477135684883
True,True,23,0.0,0.0,0.5582725606403091,0.0,0.03322937005562831
True,True,24,0.0,0.0,0.5591289188479078,0.0,0.032794099067930564
True,True,25,0.0,0.0,0.5570469627100539,0.0,0.03332103700792472
True,True,26,0.0,0.0,0.5590008876990901,0.0,0.03284402818962872
True,True,27,0.0,0.0,0.5579338136126175,0.0,0.03319516716088273
True,True,28,0.0,0.0,0.5590192704014916,0.0,0.03286610623744108
True,True,29,0.0,0.0,0.5572912161793614,0.0,0.03327490864379653
True,True,30,0.0,0.0,0.5576334545819865,0.0,0.032939263062472905
True,True,31,0.0,0.0,0.5588294325963595,0.0,0.033012960895402683
True,True,32,0.0,0.0,0.5577960553309584,0.0,0.033132043262298884
True,True,33,0.0,0.0,0.5593167048987183,0.0,0.033021981997942616
True,True,34,0.0,0.0,0.5578743363127873,0.0,0.03322605090168971
True,True,35,0.0,0.0,0.557246979241683,0.0,0.03300399611178687
True,True,36,0.0,0.0,0.5597867118259613,0.0,0.03273149736390648
True,True,37,0.0,0.0,0.5592664784045539,0.0,0.03283727671135566
True,True,38,0.0,0.0,0.5574771869559824,0.0,0.03333310864459147
True,True,39,0.0,0.0,0.5580869940114023,0.0,0.03290923113726902
True,True,40,0.0,0.0,0.5582587661681688,0.0,0.032837064358837466
True,True,41,0.0,0.0,0.558293112428888,0.0,0.03332269449873563
True,True,42,0.0,0.0,0.5600549353929007,0.0,0.03276234704677896
True,True,43,0.0,0.0,0.557669999446622,0.0,0.032921798902458284
True,True,44,0.0,0.0,0.5574891139352541,0.0,0.033239985327916714
True,True,45,0.0,0.0,0.5578478377145693,0.0,0.033094379876331174
True,True,46,0.0,0.0,0.5572773320891501,0.0,0.03335007361805118
True,True,47,0.0,0.0,0.5586304156830008,0.0,0.032976088911000685
True,True,48,0.0,0.0,0.5591298769964798,0.0,0.0330762460976333
True,True,49,0.0,0.0,0.5586259697801125,0.0,0.03291440349365209
