Donem,tuketici_kredi,ticari_ve_diger_kredi,takip_tuketici,takip_ticari_diger,hane_G1_%,firma_G1_%,hane/firma
2024-06,3191.974,9672.009,68.162,146.474,2.091,1.492,1.401
2024-07,3239.026,9809.697,76.78,163.025,2.316,1.635,1.417
2024-08,3376.135,10232.112,84.42,167.198,2.44,1.608,1.517
2024-09,3450.446,10479.465,89.408,170.105,2.526,1.597,1.581
2024-10,3499.9,10557.591,90.594,175.815,2.523,1.638,1.54
2024-11,3683.713,10764.329,102.66,182.92,2.711,1.671,1.623
2024-12,3803.019,11087.046,110.624,175.54,2.827,1.559,1.814
2025-01,3967.483,11385.64,129.208,183.94,3.154,1.59,1.984
2025-02,4039.322,11792.101,142.21,189.905,3.401,1.585,2.146
2025-03,4108.916,12409.547,146.602,200.712,3.445,1.592,2.164
2025-04,4240.952,12846.317,160.099,218.483,3.638,1.672,2.175
2025-05,4488.545,13305.583,172.259,233.22,3.696,1.723,2.146
2025-06,4583.275,13745.102,181.407,242.223,3.807,1.732,2.199
2025-07,4699.128,14083.067,188.472,252.698,3.856,1.763,2.188
2025-08,4942.043,14450.609,199.367,269.683,3.878,1.832,2.117
2025-09,5076.018,14768.001,204.572,283.461,3.874,1.883,2.057
2025-10,5278.742,15107.135,219.811,312.592,3.998,2.027,1.972
2025-11,5414.974,15440.348,228.18,327.863,4.043,2.079,1.945
2025-12,5593.853,15971.885,236.623,340.588,4.058,2.088,1.944
2026-01,5833.118,16410.123,260.993,367.106,4.283,2.188,1.957
2026-02,5934.415,16867.304,270.266,381.286,4.356,2.211,1.97
2026-03,6053.773,17120.271,273.624,392.057,4.324,2.239,1.932
2026-04,6329.25,17811.282,287.217,415.645,4.341,2.28,1.904
2026-05,6412.359,18109.222,293.767,429.275,4.381,2.316,1.892
2026-06,6581.032,18510.395,315.413,441.216,4.574,2.328,1.964
2026-07,6845.268,19097.536,339.654,478.018,4.727,2.442,1.936
2026-08,6896.134,19580.706,356.173,487.934,4.911,2.431,2.02
2026-09,6941.595,19891.612,372.471,514.551,5.093,2.522,2.02
