n_sek,kalan,siddet,ad,kapali,acik,kisalma,p,valf,pi_periyot,pi_iyi,erime,erime_iyi,iyi_kalicilik
1,0.7,0.30000000000000004,,6.06,6.06,0.0,1.0,False,4.54,0.0,0.08904103582523228,0.0,0.0
1,0.55,0.44999999999999996,,7.06,7.06,0.0,1.0,False,5.6,0.0,0.11263020253778849,0.0,0.0
1,0.4,0.6,,8.18,8.18,0.0,1.0,False,6.62,0.0,0.13942266832433545,0.0,0.0
1,0.3,0.7,,9.96,9.96,0.0,1.0,False,8.38,0.0,0.17848773918047642,0.0,0.0
1,0.2,0.8,,11.22,11.22,0.0,1.0,False,9.42,0.0,0.205480259140074,0.0,0.0
2,0.7,0.6000000000000001,,5.28,5.28,0.0,1.0,False,4.28,0.0,0.08431237850684506,0.0,0.0
2,0.55,0.8999999999999999,yumusak,8.76,8.76,0.0,1.0,False,7.3,0.0,0.15221775207506286,0.0,0.0
2,0.4,1.2,,12.32,12.32,0.0,1.0,False,10.78,0.0,0.23259348972024418,0.0,0.0
2,0.3,1.4,,14.2,14.2,0.0,1.0,False,12.42,0.0,0.2793330867272832,0.0,0.0
2,0.2,1.6,,16.2,16.2,0.0,1.0,False,14.14,0.0,0.31405594717879726,0.0,0.0
3,0.7,0.9000000000000001,,7.78,7.78,0.0,1.0,False,6.48,0.0,0.12999920975115123,0.0,0.0
3,0.55,1.3499999999999999,,11.72,11.72,0.0,1.0,False,10.18,0.0,0.21690686145798777,0.0,0.0
3,0.4,1.7999999999999998,,15.78,15.78,0.0,1.0,False,14.06,0.0,0.313485921765834,0.0,0.0
3,0.3,2.0999999999999996,c,17.46,17.46,0.0,1.0,False,15.66,0.0,0.35383600652635727,0.0,0.0
3,0.2,2.4000000000000004,,19.0,19.0,0.0,1.0,False,16.96,0.0,0.38517772466699035,0.0,0.0
4,0.7,1.2000000000000002,,8.16,8.16,0.0,1.0,False,6.84,0.0,0.13772117584000734,0.0,0.0
4,0.55,1.7999999999999998,,14.02,14.02,0.0,1.0,False,12.36,0.0,0.266321629090469,0.0,0.0
4,0.4,2.4,,17.9,17.9,0.0,1.0,False,16.1,0.0,0.3581763601009677,0.0,0.0
4,0.3,2.8,,19.6,19.6,0.0,1.0,False,17.5,0.0,0.39546637336952484,0.0,0.0
4,0.2,3.2,sert,20.38,20.38,0.0,1.0,False,18.52,0.0,0.41104333133741533,0.0,0.0
