"Hazne","Grup","Seri","Ad","Seviye","Birim","Son_guncelleme"
"F","bie_finhestnks71011","TP.FINHESTNKS71011.ZP1","BF.9.NET FİNANSAL DEĞER, Finansal Olmayan Kuruluşlar (Konsolide Stok)","1","bin TL","29-07-2026"
"F","bie_finhestnks71011","TP.FINHESTNKS71011.ZP2","VF.1.Parasal Altın ve SDR, Finansal Olmayan Kuruluşlar (Konsolide Stok)","1","bin TL","29-07-2026"
"F","bie_finhestnks71011","TP.FINHESTNKS71011.ZP3","VF.1.1.Parasal Altın, Finansal Olmayan Kuruluşlar (Konsolide Stok)","2","bin TL","29-07-2026"
"F","bie_finhestnks71011","TP.FINHESTNKS71011.ZP4","VF.1.2.Özel Çekme Hakları (SDR), Finansal Olmayan Kuruluşlar (Konsolide Stok)","2","bin TL","29-07-2026"
"F","bie_finhestnks71011","TP.FINHESTNKS71011.ZP5","VF.2.Para ve Mevduat, Finansal Olmayan Kuruluşlar (Konsolide Stok)","1","bin TL","29-07-2026"
"F","bie_finhestnks71011","TP.FINHESTNKS71011.ZP6","VF.2.1.Para, Finansal Olmayan Kuruluşlar (Konsolide Stok)","2","bin TL","29-07-2026"
"F","bie_finhestnks71011","TP.FINHESTNKS71011.ZP7","VF.2.2.Vadesiz Mevduat, Finansal Olmayan Kuruluşlar (Konsolide Stok)","2","bin TL","29-07-2026"
"F","bie_finhestnks71011","TP.FINHESTNKS71011.ZP8","VF.2.9.Vadeli Mevduat, Finansal Olmayan Kuruluşlar (Konsolide Stok)","2","bin TL","29-07-2026"
"F","bie_finhestnks71011","TP.FINHESTNKS71011.ZP9","VF.3.Borçlanma Senetleri, Finansal Olmayan Kuruluşlar (Konsolide Stok)","1","bin TL","29-07-2026"
"F","bie_finhestnks71011","TP.FINHESTNKS71011.ZP10","VF.3.1.Kısa Vadeli Borçlanma Senetleri, Finansal Olmayan Kuruluşlar (Konsolide Stok)","2","bin TL","29-07-2026"
"F","bie_finhestnks71011","TP.FINHESTNKS71011.ZP11","VF.3.2.Uzun Vadeli Borçlanma Senetleri, Finansal Olmayan Kuruluşlar (Konsolide Stok)","2","bin TL","29-07-2026"
"F","bie_finhestnks71011","TP.FINHESTNKS71011.ZP12","VF.4.Krediler, Finansal Olmayan Kuruluşlar (Konsolide Stok)","1","bin TL","29-07-2026"
"F","bie_finhestnks71011","TP.FINHESTNKS71011.ZP13","VF.4.1.Kısa Vadeli Krediler, Finansal Olmayan Kuruluşlar (Konsolide Stok)","2","bin TL","29-07-2026"
"F","bie_finhestnks71011","TP.FINHESTNKS71011.ZP14","VF.4.2.Uzun Vadeli Krediler, Finansal Olmayan Kuruluşlar (Konsolide Stok)","2","bin TL","29-07-2026"
"F","bie_finhestnks71011","TP.FINHESTNKS71011.ZP15","VF.5.Hisse Senetleri ve Özkaynaklar, Finansal Olmayan Kuruluşlar (Konsolide Stok)","1","bin TL","29-07-2026"
"F","bie_finhestnks71011","TP.FINHESTNKS71011.ZP16","VF.5.1.Hisse Senetleri ve Özkaynaklar, Finansal Olmayan Kuruluşlar (Konsolide Stok)","2","bin TL","29-07-2026"
"F","bie_finhestnks71011","TP.FINHESTNKS71011.ZP17","VF.5.2.Yatırım Fonu Katılma Belgeleri, Finansal Olmayan Kuruluşlar (Konsolide Stok)","2","bin TL","29-07-2026"
"F","bie_finhestnks71011","TP.FINHESTNKS71011.ZP18","VF.5.2.1.Para Piyasası Fonları, Finansal Olmayan Kuruluşlar (Konsolide Stok)","3","bin TL","29-07-2026"
"F","bie_finhestnks71011","TP.FINHESTNKS71011.ZP19","VF.5.2.2.Diğer Yatırım Fonları, Finansal Olmayan Kuruluşlar (Konsolide Stok)","3","bin TL","29-07-2026"
"F","bie_finhestnks71011","TP.FINHESTNKS71011.ZP20","VF.6.Sigorta ve Emeklilik Sözleşmeleri, Finansal Olmayan Kuruluşlar (Konsolide Stok)","1","bin TL","29-07-2026"
"F","bie_finhestnks71011","TP.FINHESTNKS71011.ZP21","VF.7.Finansal Türevler, Finansal Olmayan Kuruluşlar (Konsolide Stok)","1","bin TL","29-07-2026"
"F","bie_finhestnks71011","TP.FINHESTNKS71011.ZP22","VF.8.Diğer Alacaklar, Finansal Olmayan Kuruluşlar (Konsolide Stok)","1","bin TL","29-07-2026"
"F","bie_finhestnks71011","TP.FINHESTNKS71011.ZP23","VF.0.Toplam Varlıklar, Finansal Olmayan Kuruluşlar (Konsolide Stok)","1","bin TL","29-07-2026"
"F","bie_finhestnks71011","TP.FINHESTNKS71011.ZP24","F.1.Parasal Altın ve SDR, Finansal Olmayan Kuruluşlar (Konsolide Stok)","1","bin TL","29-07-2026"
"F","bie_finhestnks71011","TP.FINHESTNKS71011.ZP25","F.1.1.Parasal Altın, Finansal Olmayan Kuruluşlar (Konsolide Stok)","2","bin TL","29-07-2026"
"F","bie_finhestnks71011","TP.FINHESTNKS71011.ZP26","F.1.2.Özel Çekme Hakları (SDR), Finansal Olmayan Kuruluşlar (Konsolide Stok)","2","bin TL","29-07-2026"
"F","bie_finhestnks71011","TP.FINHESTNKS71011.ZP27","F.2.Para ve Mevduat, Finansal Olmayan Kuruluşlar (Konsolide Stok)","1","bin TL","29-07-2026"
"F","bie_finhestnks71011","TP.FINHESTNKS71011.ZP28","F.2.1.Para, Finansal Olmayan Kuruluşlar (Konsolide Stok)","2","bin TL","29-07-2026"
"F","bie_finhestnks71011","TP.FINHESTNKS71011.ZP29","F.2.2.Vadesiz Mevduat, Finansal Olmayan Kuruluşlar (Konsolide Stok)","2","bin TL","29-07-2026"
"F","bie_finhestnks71011","TP.FINHESTNKS71011.ZP30","F.2.9.Vadeli Mevduat, Finansal Olmayan Kuruluşlar (Konsolide Stok)","2","bin TL","29-07-2026"
"F","bie_finhestnks71011","TP.FINHESTNKS71011.ZP31","F.3.Borçlanma Senetleri, Finansal Olmayan Kuruluşlar (Konsolide Stok)","1","bin TL","29-07-2026"
"F","bie_finhestnks71011","TP.FINHESTNKS71011.ZP32","F.3.1.Kısa Vadeli Borçlanma Senetleri, Finansal Olmayan Kuruluşlar (Konsolide Stok)","2","bin TL","29-07-2026"
"F","bie_finhestnks71011","TP.FINHESTNKS71011.ZP33","F.3.2.Uzun Vadeli Borçlanma Senetleri, Finansal Olmayan Kuruluşlar (Konsolide Stok)","2","bin TL","29-07-2026"
"F","bie_finhestnks71011","TP.FINHESTNKS71011.ZP34","F.4.Krediler, Finansal Olmayan Kuruluşlar (Konsolide Stok)","1","bin TL","29-07-2026"
"F","bie_finhestnks71011","TP.FINHESTNKS71011.ZP35","F.4.1.Kısa Vadeli Krediler, Finansal Olmayan Kuruluşlar (Konsolide Stok)","2","bin TL","29-07-2026"
"F","bie_finhestnks71011","TP.FINHESTNKS71011.ZP36","F.4.2.Uzun Vadeli Krediler, Finansal Olmayan Kuruluşlar (Konsolide Stok)","2","bin TL","29-07-2026"
"F","bie_finhestnks71011","TP.FINHESTNKS71011.ZP37","F.5.Hisse Senetleri ve Özkaynaklar, Finansal Olmayan Kuruluşlar (Konsolide Stok)","1","bin TL","29-07-2026"
"F","bie_finhestnks71011","TP.FINHESTNKS71011.ZP38","F.5.1.Hisse Senetleri ve Özkaynaklar, Finansal Olmayan Kuruluşlar (Konsolide Stok)","2","bin TL","29-07-2026"
"F","bie_finhestnks71011","TP.FINHESTNKS71011.ZP39","F.5.2.Yatırım Fonu Katılma Belgeleri, Finansal Olmayan Kuruluşlar (Konsolide Stok)","2","bin TL","29-07-2026"
"F","bie_finhestnks71011","TP.FINHESTNKS71011.ZP40","F.5.2.1.Para Piyasası Fonları, Finansal Olmayan Kuruluşlar (Konsolide Stok)","3","bin TL","29-07-2026"
"F","bie_finhestnks71011","TP.FINHESTNKS71011.ZP41","F.5.2.2.Diğer Yatırım Fonları, Finansal Olmayan Kuruluşlar (Konsolide Stok)","3","bin TL","29-07-2026"
"F","bie_finhestnks71011","TP.FINHESTNKS71011.ZP42","F.6.Sigorta ve Emeklilik Sözleşmeleri, Finansal Olmayan Kuruluşlar (Konsolide Stok)","1","bin TL","29-07-2026"
"F","bie_finhestnks71011","TP.FINHESTNKS71011.ZP43","F.7.Finansal Türevler, Finansal Olmayan Kuruluşlar (Konsolide Stok)","1","bin TL","29-07-2026"
"F","bie_finhestnks71011","TP.FINHESTNKS71011.ZP44","F.8.Diğer Borçlar, Finansal Olmayan Kuruluşlar (Konsolide Stok)","1","bin TL","29-07-2026"
"F","bie_finhestnks71011","TP.FINHESTNKS71011.ZP45","F.0.Toplam Yükümlülükler, Finansal Olmayan Kuruluşlar (Konsolide Stok)","1","bin TL","29-07-2026"
"B","bie_finhestnks71012","TP.FINHESTNKS71012.ZP1","BF.9.NET FİNANSAL DEĞER, Finansal Kuruluşlar (Konsolide Stok)","1","bin TL","29-07-2026"
"B","bie_finhestnks71012","TP.FINHESTNKS71012.ZP2","VF.1.Parasal Altın ve SDR, Finansal Kuruluşlar (Konsolide Stok)","1","bin TL","29-07-2026"
"B","bie_finhestnks71012","TP.FINHESTNKS71012.ZP3","VF.1.1.Parasal Altın, Finansal Kuruluşlar (Konsolide Stok)","2","bin TL","29-07-2026"
"B","bie_finhestnks71012","TP.FINHESTNKS71012.ZP4","VF.1.2.Özel Çekme Hakları (SDR), Finansal Kuruluşlar (Konsolide Stok)","2","bin TL","29-07-2026"
"B","bie_finhestnks71012","TP.FINHESTNKS71012.ZP5","VF.2.Para ve Mevduat, Finansal Kuruluşlar (Konsolide Stok)","1","bin TL","29-07-2026"
"B","bie_finhestnks71012","TP.FINHESTNKS71012.ZP6","VF.2.1.Para, Finansal Kuruluşlar (Konsolide Stok)","2","bin TL","29-07-2026"
"B","bie_finhestnks71012","TP.FINHESTNKS71012.ZP7","VF.2.2.Vadesiz Mevduat, Finansal Kuruluşlar (Konsolide Stok)","2","bin TL","29-07-2026"
"B","bie_finhestnks71012","TP.FINHESTNKS71012.ZP8","VF.2.9.Vadeli Mevduat, Finansal Kuruluşlar (Konsolide Stok)","2","bin TL","29-07-2026"
"B","bie_finhestnks71012","TP.FINHESTNKS71012.ZP9","VF.3.Borçlanma Senetleri, Finansal Kuruluşlar (Konsolide Stok)","1","bin TL","29-07-2026"
"B","bie_finhestnks71012","TP.FINHESTNKS71012.ZP10","VF.3.1.Kısa Vadeli Borçlanma Senetleri, Finansal Kuruluşlar (Konsolide Stok)","2","bin TL","29-07-2026"
"B","bie_finhestnks71012","TP.FINHESTNKS71012.ZP11","VF.3.2.Uzun Vadeli Borçlanma Senetleri, Finansal Kuruluşlar (Konsolide Stok)","2","bin TL","29-07-2026"
"B","bie_finhestnks71012","TP.FINHESTNKS71012.ZP12","VF.4.Krediler, Finansal Kuruluşlar (Konsolide Stok)","1","bin TL","29-07-2026"
"B","bie_finhestnks71012","TP.FINHESTNKS71012.ZP13","VF.4.1.Kısa Vadeli Krediler, Finansal Kuruluşlar (Konsolide Stok)","2","bin TL","29-07-2026"
"B","bie_finhestnks71012","TP.FINHESTNKS71012.ZP14","VF.4.2.Uzun Vadeli Krediler, Finansal Kuruluşlar (Konsolide Stok)","2","bin TL","29-07-2026"
"B","bie_finhestnks71012","TP.FINHESTNKS71012.ZP15","VF.5.Hisse Senetleri ve Özkaynaklar, Finansal Kuruluşlar (Konsolide Stok)","1","bin TL","29-07-2026"
"B","bie_finhestnks71012","TP.FINHESTNKS71012.ZP16","VF.5.1.Hisse Senetleri ve Özkaynaklar, Finansal Kuruluşlar (Konsolide Stok)","2","bin TL","29-07-2026"
"B","bie_finhestnks71012","TP.FINHESTNKS71012.ZP17","VF.5.2.Yatırım Fonu Katılma Belgeleri, Finansal Kuruluşlar (Konsolide Stok)","2","bin TL","29-07-2026"
"B","bie_finhestnks71012","TP.FINHESTNKS71012.ZP18","VF.5.2.1.Para Piyasası Fonları, Finansal Kuruluşlar (Konsolide Stok)","3","bin TL","29-07-2026"
"B","bie_finhestnks71012","TP.FINHESTNKS71012.ZP19","VF.5.2.2.Diğer Yatırım Fonları, Finansal Kuruluşlar (Konsolide Stok)","3","bin TL","29-07-2026"
"B","bie_finhestnks71012","TP.FINHESTNKS71012.ZP20","VF.6.Sigorta ve Emeklilik Sözleşmeleri, Finansal Kuruluşlar (Konsolide Stok)","1","bin TL","29-07-2026"
"B","bie_finhestnks71012","TP.FINHESTNKS71012.ZP21","VF.7.Finansal Türevler, Finansal Kuruluşlar (Konsolide Stok)","1","bin TL","29-07-2026"
"B","bie_finhestnks71012","TP.FINHESTNKS71012.ZP22","VF.8.Diğer Alacaklar, Finansal Kuruluşlar (Konsolide Stok)","1","bin TL","29-07-2026"
"B","bie_finhestnks71012","TP.FINHESTNKS71012.ZP23","VF.0.Toplam Varlıklar, Finansal Kuruluşlar (Konsolide Stok)","1","bin TL","29-07-2026"
"B","bie_finhestnks71012","TP.FINHESTNKS71012.ZP24","F.1.Parasal Altın ve SDR, Finansal Kuruluşlar (Konsolide Stok)","1","bin TL","29-07-2026"
"B","bie_finhestnks71012","TP.FINHESTNKS71012.ZP25","F.1.1.Parasal Altın, Finansal Kuruluşlar (Konsolide Stok)","2","bin TL","29-07-2026"
"B","bie_finhestnks71012","TP.FINHESTNKS71012.ZP26","F.1.2.Özel Çekme Hakları (SDR), Finansal Kuruluşlar (Konsolide Stok)","2","bin TL","29-07-2026"
"B","bie_finhestnks71012","TP.FINHESTNKS71012.ZP27","F.2.Para ve Mevduat, Finansal Kuruluşlar (Konsolide Stok)","1","bin TL","29-07-2026"
"B","bie_finhestnks71012","TP.FINHESTNKS71012.ZP28","F.2.1.Para, Finansal Kuruluşlar (Konsolide Stok)","2","bin TL","29-07-2026"
"B","bie_finhestnks71012","TP.FINHESTNKS71012.ZP29","F.2.2.Vadesiz Mevduat, Finansal Kuruluşlar (Konsolide Stok)","2","bin TL","29-07-2026"
"B","bie_finhestnks71012","TP.FINHESTNKS71012.ZP30","F.2.9.Vadeli Mevduat, Finansal Kuruluşlar (Konsolide Stok)","2","bin TL","29-07-2026"
"B","bie_finhestnks71012","TP.FINHESTNKS71012.ZP31","F.3.Borçlanma Senetleri, Finansal Kuruluşlar (Konsolide Stok)","1","bin TL","29-07-2026"
"B","bie_finhestnks71012","TP.FINHESTNKS71012.ZP32","F.3.1.Kısa Vadeli Borçlanma Senetleri, Finansal Kuruluşlar (Konsolide Stok)","2","bin TL","29-07-2026"
"B","bie_finhestnks71012","TP.FINHESTNKS71012.ZP33","F.3.2.Uzun Vadeli Borçlanma Senetleri, Finansal Kuruluşlar (Konsolide Stok)","2","bin TL","29-07-2026"
"B","bie_finhestnks71012","TP.FINHESTNKS71012.ZP34","F.4.Krediler, Finansal Kuruluşlar (Konsolide Stok)","1","bin TL","29-07-2026"
"B","bie_finhestnks71012","TP.FINHESTNKS71012.ZP35","F.4.1.Kısa Vadeli Krediler, Finansal Kuruluşlar (Konsolide Stok)","2","bin TL","29-07-2026"
"B","bie_finhestnks71012","TP.FINHESTNKS71012.ZP36","F.4.2.Uzun Vadeli Krediler, Finansal Kuruluşlar (Konsolide Stok)","2","bin TL","29-07-2026"
"B","bie_finhestnks71012","TP.FINHESTNKS71012.ZP37","F.5.Hisse Senetleri ve Özkaynaklar, Finansal Kuruluşlar (Konsolide Stok)","1","bin TL","29-07-2026"
"B","bie_finhestnks71012","TP.FINHESTNKS71012.ZP38","F.5.1.Hisse Senetleri ve Özkaynaklar, Finansal Kuruluşlar (Konsolide Stok)","2","bin TL","29-07-2026"
"B","bie_finhestnks71012","TP.FINHESTNKS71012.ZP39","F.5.2.Yatırım Fonu Katılma Belgeleri, Finansal Kuruluşlar (Konsolide Stok)","2","bin TL","29-07-2026"
"B","bie_finhestnks71012","TP.FINHESTNKS71012.ZP40","F.5.2.1.Para Piyasası Fonları, Finansal Kuruluşlar (Konsolide Stok)","3","bin TL","29-07-2026"
"B","bie_finhestnks71012","TP.FINHESTNKS71012.ZP41","F.5.2.2.Diğer Yatırım Fonları, Finansal Kuruluşlar (Konsolide Stok)","3","bin TL","29-07-2026"
"B","bie_finhestnks71012","TP.FINHESTNKS71012.ZP42","F.6.Sigorta ve Emeklilik Sözleşmeleri, Finansal Kuruluşlar (Konsolide Stok)","1","bin TL","29-07-2026"
"B","bie_finhestnks71012","TP.FINHESTNKS71012.ZP43","F.7.Finansal Türevler, Finansal Kuruluşlar (Konsolide Stok)","1","bin TL","29-07-2026"
"B","bie_finhestnks71012","TP.FINHESTNKS71012.ZP44","F.8.Diğer Borçlar, Finansal Kuruluşlar (Konsolide Stok)","1","bin TL","29-07-2026"
"B","bie_finhestnks71012","TP.FINHESTNKS71012.ZP45","F.0.Toplam Yükümlülükler, Finansal Kuruluşlar (Konsolide Stok)","1","bin TL","29-07-2026"
"K","bie_finhestnks71013","TP.FINHESTNKS71013.ZP1","BF.9.NET FİNANSAL DEĞER, Genel Yönetim (Konsolide Stok)","1","bin TL","29-07-2026"
"K","bie_finhestnks71013","TP.FINHESTNKS71013.ZP2","VF.1.Parasal Altın ve SDR, Genel Yönetim (Konsolide Stok)","1","bin TL","29-07-2026"
"K","bie_finhestnks71013","TP.FINHESTNKS71013.ZP3","VF.1.1.Parasal Altın, Genel Yönetim (Konsolide Stok)","2","bin TL","29-07-2026"
"K","bie_finhestnks71013","TP.FINHESTNKS71013.ZP4","VF.1.2.Özel Çekme Hakları (SDR), Genel Yönetim (Konsolide Stok)","2","bin TL","29-07-2026"
"K","bie_finhestnks71013","TP.FINHESTNKS71013.ZP5","VF.2.Para ve Mevduat, Genel Yönetim (Konsolide Stok)","1","bin TL","29-07-2026"
"K","bie_finhestnks71013","TP.FINHESTNKS71013.ZP6","VF.2.1.Para, Genel Yönetim (Konsolide Stok)","2","bin TL","29-07-2026"
"K","bie_finhestnks71013","TP.FINHESTNKS71013.ZP7","VF.2.2.Vadesiz Mevduat, Genel Yönetim (Konsolide Stok)","2","bin TL","29-07-2026"
"K","bie_finhestnks71013","TP.FINHESTNKS71013.ZP8","VF.2.9.Vadeli Mevduat, Genel Yönetim (Konsolide Stok)","2","bin TL","29-07-2026"
"K","bie_finhestnks71013","TP.FINHESTNKS71013.ZP9","VF.3.Borçlanma Senetleri, Genel Yönetim (Konsolide Stok)","1","bin TL","29-07-2026"
"K","bie_finhestnks71013","TP.FINHESTNKS71013.ZP10","VF.3.1.Kısa Vadeli Borçlanma Senetleri, Genel Yönetim (Konsolide Stok)","2","bin TL","29-07-2026"
"K","bie_finhestnks71013","TP.FINHESTNKS71013.ZP11","VF.3.2.Uzun Vadeli Borçlanma Senetleri, Genel Yönetim (Konsolide Stok)","2","bin TL","29-07-2026"
"K","bie_finhestnks71013","TP.FINHESTNKS71013.ZP12","VF.4.Krediler, Genel Yönetim (Konsolide Stok)","1","bin TL","29-07-2026"
"K","bie_finhestnks71013","TP.FINHESTNKS71013.ZP13","VF.4.1.Kısa Vadeli Krediler, Genel Yönetim (Konsolide Stok)","2","bin TL","29-07-2026"
"K","bie_finhestnks71013","TP.FINHESTNKS71013.ZP14","VF.4.2.Uzun Vadeli Krediler, Genel Yönetim (Konsolide Stok)","2","bin TL","29-07-2026"
"K","bie_finhestnks71013","TP.FINHESTNKS71013.ZP15","VF.5.Hisse Senetleri ve Özkaynaklar, Genel Yönetim (Konsolide Stok)","1","bin TL","29-07-2026"
"K","bie_finhestnks71013","TP.FINHESTNKS71013.ZP16","VF.5.1.Hisse Senetleri ve Özkaynaklar, Genel Yönetim (Konsolide Stok)","2","bin TL","29-07-2026"
"K","bie_finhestnks71013","TP.FINHESTNKS71013.ZP17","VF.5.2.Yatırım Fonu Katılma Belgeleri, Genel Yönetim (Konsolide Stok)","2","bin TL","29-07-2026"
"K","bie_finhestnks71013","TP.FINHESTNKS71013.ZP18","VF.5.2.1.Para Piyasası Fonları, Genel Yönetim (Konsolide Stok)","3","bin TL","29-07-2026"
"K","bie_finhestnks71013","TP.FINHESTNKS71013.ZP19","VF.5.2.2.Diğer Yatırım Fonları, Genel Yönetim (Konsolide Stok)","3","bin TL","29-07-2026"
"K","bie_finhestnks71013","TP.FINHESTNKS71013.ZP20","VF.6.Sigorta ve Emeklilik Sözleşmeleri, Genel Yönetim (Konsolide Stok)","1","bin TL","29-07-2026"
"K","bie_finhestnks71013","TP.FINHESTNKS71013.ZP21","VF.7.Finansal Türevler, Genel Yönetim (Konsolide Stok)","1","bin TL","29-07-2026"
"K","bie_finhestnks71013","TP.FINHESTNKS71013.ZP22","VF.8.Diğer Alacaklar, Genel Yönetim (Konsolide Stok)","1","bin TL","29-07-2026"
"K","bie_finhestnks71013","TP.FINHESTNKS71013.ZP23","VF.0.Toplam Varlıklar, Genel Yönetim (Konsolide Stok)","1","bin TL","29-07-2026"
"K","bie_finhestnks71013","TP.FINHESTNKS71013.ZP24","F.1.Parasal Altın ve SDR, Genel Yönetim (Konsolide Stok)","1","bin TL","29-07-2026"
"K","bie_finhestnks71013","TP.FINHESTNKS71013.ZP25","F.1.1.Parasal Altın, Genel Yönetim (Konsolide Stok)","2","bin TL","29-07-2026"
"K","bie_finhestnks71013","TP.FINHESTNKS71013.ZP26","F.1.2.Özel Çekme Hakları (SDR), Genel Yönetim (Konsolide Stok)","2","bin TL","29-07-2026"
"K","bie_finhestnks71013","TP.FINHESTNKS71013.ZP27","F.2.Para ve Mevduat, Genel Yönetim (Konsolide Stok)","1","bin TL","29-07-2026"
"K","bie_finhestnks71013","TP.FINHESTNKS71013.ZP28","F.2.1.Para, Genel Yönetim (Konsolide Stok)","2","bin TL","29-07-2026"
"K","bie_finhestnks71013","TP.FINHESTNKS71013.ZP29","F.2.2.Vadesiz Mevduat, Genel Yönetim (Konsolide Stok)","2","bin TL","29-07-2026"
"K","bie_finhestnks71013","TP.FINHESTNKS71013.ZP30","F.2.9.Vadeli Mevduat, Genel Yönetim (Konsolide Stok)","2","bin TL","29-07-2026"
"K","bie_finhestnks71013","TP.FINHESTNKS71013.ZP31","F.3.Borçlanma Senetleri, Genel Yönetim (Konsolide Stok)","1","bin TL","29-07-2026"
"K","bie_finhestnks71013","TP.FINHESTNKS71013.ZP32","F.3.1.Kısa Vadeli Borçlanma Senetleri, Genel Yönetim (Konsolide Stok)","2","bin TL","29-07-2026"
"K","bie_finhestnks71013","TP.FINHESTNKS71013.ZP33","F.3.2.Uzun Vadeli Borçlanma Senetleri, Genel Yönetim (Konsolide Stok)","2","bin TL","29-07-2026"
"K","bie_finhestnks71013","TP.FINHESTNKS71013.ZP34","F.4.Krediler, Genel Yönetim (Konsolide Stok)","1","bin TL","29-07-2026"
"K","bie_finhestnks71013","TP.FINHESTNKS71013.ZP35","F.4.1.Kısa Vadeli Krediler, Genel Yönetim (Konsolide Stok)","2","bin TL","29-07-2026"
"K","bie_finhestnks71013","TP.FINHESTNKS71013.ZP36","F.4.2.Uzun Vadeli Krediler, Genel Yönetim (Konsolide Stok)","2","bin TL","29-07-2026"
"K","bie_finhestnks71013","TP.FINHESTNKS71013.ZP37","F.5.Hisse Senetleri ve Özkaynaklar, Genel Yönetim (Konsolide Stok)","1","bin TL","29-07-2026"
"K","bie_finhestnks71013","TP.FINHESTNKS71013.ZP38","F.5.1.Hisse Senetleri ve Özkaynaklar, Genel Yönetim (Konsolide Stok)","2","bin TL","29-07-2026"
"K","bie_finhestnks71013","TP.FINHESTNKS71013.ZP39","F.5.2.Yatırım Fonu Katılma Belgeleri, Genel Yönetim (Konsolide Stok)","2","bin TL","29-07-2026"
"K","bie_finhestnks71013","TP.FINHESTNKS71013.ZP40","F.5.2.1.Para Piyasası Fonları, Genel Yönetim (Konsolide Stok)","3","bin TL","29-07-2026"
"K","bie_finhestnks71013","TP.FINHESTNKS71013.ZP41","F.5.2.2.Diğer Yatırım Fonları, Genel Yönetim (Konsolide Stok)","3","bin TL","29-07-2026"
"K","bie_finhestnks71013","TP.FINHESTNKS71013.ZP42","F.6.Sigorta ve Emeklilik Sözleşmeleri, Genel Yönetim (Konsolide Stok)","1","bin TL","29-07-2026"
"K","bie_finhestnks71013","TP.FINHESTNKS71013.ZP43","F.7.Finansal Türevler, Genel Yönetim (Konsolide Stok)","1","bin TL","29-07-2026"
"K","bie_finhestnks71013","TP.FINHESTNKS71013.ZP44","F.8.Diğer Borçlar, Genel Yönetim (Konsolide Stok)","1","bin TL","29-07-2026"
"K","bie_finhestnks71013","TP.FINHESTNKS71013.ZP45","F.0.Toplam Yükümlülükler, Genel Yönetim (Konsolide Stok)","1","bin TL","29-07-2026"
"H","bie_finhestnks71014","TP.FINHESTNKS71014.ZP1","BF.9.NET FİNANSAL DEĞER, Hanehalkı (Konsolide Stok)","1","bin TL","29-07-2026"
"H","bie_finhestnks71014","TP.FINHESTNKS71014.ZP2","VF.1.Parasal Altın ve SDR, Hanehalkı (Konsolide Stok)","1","bin TL","29-07-2026"
"H","bie_finhestnks71014","TP.FINHESTNKS71014.ZP3","VF.1.1.Parasal Altın, Hanehalkı (Konsolide Stok)","2","bin TL","29-07-2026"
"H","bie_finhestnks71014","TP.FINHESTNKS71014.ZP4","VF.1.2.Özel Çekme Hakları (SDR), Hanehalkı (Konsolide Stok)","2","bin TL","29-07-2026"
"H","bie_finhestnks71014","TP.FINHESTNKS71014.ZP5","VF.2.Para ve Mevduat, Hanehalkı (Konsolide Stok)","1","bin TL","29-07-2026"
"H","bie_finhestnks71014","TP.FINHESTNKS71014.ZP6","VF.2.1.Para, Hanehalkı (Konsolide Stok)","2","bin TL","29-07-2026"
"H","bie_finhestnks71014","TP.FINHESTNKS71014.ZP7","VF.2.2.Vadesiz Mevduat, Hanehalkı (Konsolide Stok)","2","bin TL","29-07-2026"
"H","bie_finhestnks71014","TP.FINHESTNKS71014.ZP8","VF.2.9.Vadeli Mevduat, Hanehalkı (Konsolide Stok)","2","bin TL","29-07-2026"
"H","bie_finhestnks71014","TP.FINHESTNKS71014.ZP9","VF.3.Borçlanma Senetleri, Hanehalkı (Konsolide Stok)","1","bin TL","29-07-2026"
"H","bie_finhestnks71014","TP.FINHESTNKS71014.ZP10","VF.3.1.Kısa Vadeli Borçlanma Senetleri, Hanehalkı (Konsolide Stok)","2","bin TL","29-07-2026"
"H","bie_finhestnks71014","TP.FINHESTNKS71014.ZP11","VF.3.2.Uzun Vadeli Borçlanma Senetleri, Hanehalkı (Konsolide Stok)","2","bin TL","29-07-2026"
"H","bie_finhestnks71014","TP.FINHESTNKS71014.ZP12","VF.4.Krediler, Hanehalkı (Konsolide Stok)","1","bin TL","29-07-2026"
"H","bie_finhestnks71014","TP.FINHESTNKS71014.ZP13","VF.4.1.Kısa Vadeli Krediler, Hanehalkı (Konsolide Stok)","2","bin TL","29-07-2026"
"H","bie_finhestnks71014","TP.FINHESTNKS71014.ZP14","VF.4.2.Uzun Vadeli Krediler, Hanehalkı (Konsolide Stok)","2","bin TL","29-07-2026"
"H","bie_finhestnks71014","TP.FINHESTNKS71014.ZP15","VF.5.Hisse Senetleri ve Özkaynaklar, Hanehalkı (Konsolide Stok)","1","bin TL","29-07-2026"
"H","bie_finhestnks71014","TP.FINHESTNKS71014.ZP16","VF.5.1.Hisse Senetleri ve Özkaynaklar, Hanehalkı (Konsolide Stok)","2","bin TL","29-07-2026"
"H","bie_finhestnks71014","TP.FINHESTNKS71014.ZP17","VF.5.2.Yatırım Fonu Katılma Belgeleri, Hanehalkı (Konsolide Stok)","2","bin TL","29-07-2026"
"H","bie_finhestnks71014","TP.FINHESTNKS71014.ZP18","VF.5.2.1.Para Piyasası Fonları, Hanehalkı (Konsolide Stok)","3","bin TL","29-07-2026"
"H","bie_finhestnks71014","TP.FINHESTNKS71014.ZP19","VF.5.2.2.Diğer Yatırım Fonları, Hanehalkı (Konsolide Stok)","3","bin TL","29-07-2026"
"H","bie_finhestnks71014","TP.FINHESTNKS71014.ZP20","VF.6.Sigorta ve Emeklilik Sözleşmeleri, Hanehalkı (Konsolide Stok)","1","bin TL","29-07-2026"
"H","bie_finhestnks71014","TP.FINHESTNKS71014.ZP21","VF.7.Finansal Türevler, Hanehalkı (Konsolide Stok)","1","bin TL","29-07-2026"
"H","bie_finhestnks71014","TP.FINHESTNKS71014.ZP22","VF.8.Diğer Alacaklar, Hanehalkı (Konsolide Stok)","1","bin TL","29-07-2026"
"H","bie_finhestnks71014","TP.FINHESTNKS71014.ZP23","VF.0.Toplam Varlıklar, Hanehalkı (Konsolide Stok)","1","bin TL","29-07-2026"
"H","bie_finhestnks71014","TP.FINHESTNKS71014.ZP24","F.1.Parasal Altın ve SDR, Hanehalkı (Konsolide Stok)","1","bin TL","29-07-2026"
"H","bie_finhestnks71014","TP.FINHESTNKS71014.ZP25","F.1.1.Parasal Altın, Hanehalkı (Konsolide Stok)","2","bin TL","29-07-2026"
"H","bie_finhestnks71014","TP.FINHESTNKS71014.ZP26","F.1.2.Özel Çekme Hakları (SDR), Hanehalkı (Konsolide Stok)","2","bin TL","29-07-2026"
"H","bie_finhestnks71014","TP.FINHESTNKS71014.ZP27","F.2.Para ve Mevduat, Hanehalkı (Konsolide Stok)","1","bin TL","29-07-2026"
"H","bie_finhestnks71014","TP.FINHESTNKS71014.ZP28","F.2.1.Para, Hanehalkı (Konsolide Stok)","2","bin TL","29-07-2026"
"H","bie_finhestnks71014","TP.FINHESTNKS71014.ZP29","F.2.2.Vadesiz Mevduat, Hanehalkı (Konsolide Stok)","2","bin TL","29-07-2026"
"H","bie_finhestnks71014","TP.FINHESTNKS71014.ZP30","F.2.9.Vadeli Mevduat, Hanehalkı (Konsolide Stok)","2","bin TL","29-07-2026"
"H","bie_finhestnks71014","TP.FINHESTNKS71014.ZP31","F.3.Borçlanma Senetleri, Hanehalkı (Konsolide Stok)","1","bin TL","29-07-2026"
"H","bie_finhestnks71014","TP.FINHESTNKS71014.ZP32","F.3.1.Kısa Vadeli Borçlanma Senetleri, Hanehalkı (Konsolide Stok)","2","bin TL","29-07-2026"
"H","bie_finhestnks71014","TP.FINHESTNKS71014.ZP33","F.3.2.Uzun Vadeli Borçlanma Senetleri, Hanehalkı (Konsolide Stok)","2","bin TL","29-07-2026"
"H","bie_finhestnks71014","TP.FINHESTNKS71014.ZP34","F.4.Krediler, Hanehalkı (Konsolide Stok)","1","bin TL","29-07-2026"
"H","bie_finhestnks71014","TP.FINHESTNKS71014.ZP35","F.4.1.Kısa Vadeli Krediler, Hanehalkı (Konsolide Stok)","2","bin TL","29-07-2026"
"H","bie_finhestnks71014","TP.FINHESTNKS71014.ZP36","F.4.2.Uzun Vadeli Krediler, Hanehalkı (Konsolide Stok)","2","bin TL","29-07-2026"
"H","bie_finhestnks71014","TP.FINHESTNKS71014.ZP37","F.5.Hisse Senetleri ve Özkaynaklar, Hanehalkı (Konsolide Stok)","1","bin TL","29-07-2026"
"H","bie_finhestnks71014","TP.FINHESTNKS71014.ZP38","F.5.1.Hisse Senetleri ve Özkaynaklar, Hanehalkı (Konsolide Stok)","2","bin TL","29-07-2026"
"H","bie_finhestnks71014","TP.FINHESTNKS71014.ZP39","F.5.2.Yatırım Fonu Katılma Belgeleri, Hanehalkı (Konsolide Stok)","2","bin TL","29-07-2026"
"H","bie_finhestnks71014","TP.FINHESTNKS71014.ZP40","F.5.2.1.Para Piyasası Fonları, Hanehalkı (Konsolide Stok)","3","bin TL","29-07-2026"
"H","bie_finhestnks71014","TP.FINHESTNKS71014.ZP41","F.5.2.2.Diğer Yatırım Fonları, Hanehalkı (Konsolide Stok)","3","bin TL","29-07-2026"
"H","bie_finhestnks71014","TP.FINHESTNKS71014.ZP42","F.6.Sigorta ve Emeklilik Sözleşmeleri, Hanehalkı (Konsolide Stok)","1","bin TL","29-07-2026"
"H","bie_finhestnks71014","TP.FINHESTNKS71014.ZP43","F.7.Finansal Türevler, Hanehalkı (Konsolide Stok)","1","bin TL","29-07-2026"
"H","bie_finhestnks71014","TP.FINHESTNKS71014.ZP44","F.8.Diğer Borçlar, Hanehalkı (Konsolide Stok)","1","bin TL","29-07-2026"
"H","bie_finhestnks71014","TP.FINHESTNKS71014.ZP45","F.0.Toplam Yükümlülükler, Hanehalkı (Konsolide Stok)","1","bin TL","29-07-2026"
"NPISH","bie_finhestnks71015","TP.FINHESTNKS71015.ZP1","BF.9.NET FİNANSAL DEĞER, Hanehalkına Hizmet Veren Kar Amacı Olmayan Kuruluşlar (Konsolide Stok)","1","bin TL","29-07-2026"
"NPISH","bie_finhestnks71015","TP.FINHESTNKS71015.ZP2","VF.1.Parasal Altın ve SDR, Hanehalkına Hizmet Veren Kar Amacı Olmayan Kuruluşlar (Konsolide Stok)","1","bin TL","29-07-2026"
"NPISH","bie_finhestnks71015","TP.FINHESTNKS71015.ZP3","VF.1.1.Parasal Altın, Hanehalkına Hizmet Veren Kar Amacı Olmayan Kuruluşlar (Konsolide Stok)","2","bin TL","29-07-2026"
"NPISH","bie_finhestnks71015","TP.FINHESTNKS71015.ZP4","VF.1.2.Özel Çekme Hakları (SDR), Hanehalkına Hizmet Veren Kar Amacı Olmayan Kuruluşlar (Konsolide Stok)","2","bin TL","29-07-2026"
"NPISH","bie_finhestnks71015","TP.FINHESTNKS71015.ZP5","VF.2.Para ve Mevduat, Hanehalkına Hizmet Veren Kar Amacı Olmayan Kuruluşlar (Konsolide Stok)","1","bin TL","29-07-2026"
"NPISH","bie_finhestnks71015","TP.FINHESTNKS71015.ZP6","VF.2.1.Para, Hanehalkına Hizmet Veren Kar Amacı Olmayan Kuruluşlar (Konsolide Stok)","2","bin TL","29-07-2026"
"NPISH","bie_finhestnks71015","TP.FINHESTNKS71015.ZP7","VF.2.2.Vadesiz Mevduat, Hanehalkına Hizmet Veren Kar Amacı Olmayan Kuruluşlar (Konsolide Stok)","2","bin TL","29-07-2026"
"NPISH","bie_finhestnks71015","TP.FINHESTNKS71015.ZP8","VF.2.9.Vadeli Mevduat, Hanehalkına Hizmet Veren Kar Amacı Olmayan Kuruluşlar (Konsolide Stok)","2","bin TL","29-07-2026"
"NPISH","bie_finhestnks71015","TP.FINHESTNKS71015.ZP9","VF.3.Borçlanma Senetleri, Hanehalkına Hizmet Veren Kar Amacı Olmayan Kuruluşlar (Konsolide Stok)","1","bin TL","29-07-2026"
"NPISH","bie_finhestnks71015","TP.FINHESTNKS71015.ZP10","VF.3.1.Kısa Vadeli Borçlanma Senetleri, Hanehalkına Hizmet Veren Kar Amacı Olmayan Kuruluşlar (Konsolide Stok)","2","bin TL","29-07-2026"
"NPISH","bie_finhestnks71015","TP.FINHESTNKS71015.ZP11","VF.3.2.Uzun Vadeli Borçlanma Senetleri, Hanehalkına Hizmet Veren Kar Amacı Olmayan Kuruluşlar (Konsolide Stok)","2","bin TL","29-07-2026"
"NPISH","bie_finhestnks71015","TP.FINHESTNKS71015.ZP12","VF.4.Krediler, Hanehalkına Hizmet Veren Kar Amacı Olmayan Kuruluşlar (Konsolide Stok)","1","bin TL","29-07-2026"
"NPISH","bie_finhestnks71015","TP.FINHESTNKS71015.ZP13","VF.4.1.Kısa Vadeli Krediler, Hanehalkına Hizmet Veren Kar Amacı Olmayan Kuruluşlar (Konsolide Stok)","2","bin TL","29-07-2026"
"NPISH","bie_finhestnks71015","TP.FINHESTNKS71015.ZP14","VF.4.2.Uzun Vadeli Krediler, Hanehalkına Hizmet Veren Kar Amacı Olmayan Kuruluşlar (Konsolide Stok)","2","bin TL","29-07-2026"
"NPISH","bie_finhestnks71015","TP.FINHESTNKS71015.ZP15","VF.5.Hisse Senetleri ve Özkaynaklar, Hanehalkına Hizmet Veren Kar Amacı Olmayan Kuruluşlar (Konsolide Stok)","1","bin TL","29-07-2026"
"NPISH","bie_finhestnks71015","TP.FINHESTNKS71015.ZP16","VF.5.1.Hisse Senetleri ve Özkaynaklar, Hanehalkına Hizmet Veren Kar Amacı Olmayan Kuruluşlar (Konsolide Stok)","2","bin TL","29-07-2026"
"NPISH","bie_finhestnks71015","TP.FINHESTNKS71015.ZP17","VF.5.2.Yatırım Fonu Katılma Belgeleri, Hanehalkına Hizmet Veren Kar Amacı Olmayan Kuruluşlar (Konsolide Stok)","2","bin TL","29-07-2026"
"NPISH","bie_finhestnks71015","TP.FINHESTNKS71015.ZP18","VF.5.2.1.Para Piyasası Fonları, Hanehalkına Hizmet Veren Kar Amacı Olmayan Kuruluşlar (Konsolide Stok)","3","bin TL","29-07-2026"
"NPISH","bie_finhestnks71015","TP.FINHESTNKS71015.ZP19","VF.5.2.2.Diğer Yatırım Fonları, Hanehalkına Hizmet Veren Kar Amacı Olmayan Kuruluşlar (Konsolide Stok)","3","bin TL","29-07-2026"
"NPISH","bie_finhestnks71015","TP.FINHESTNKS71015.ZP20","VF.6.Sigorta ve Emeklilik Sözleşmeleri, Hanehalkına Hizmet Veren Kar Amacı Olmayan Kuruluşlar (Konsolide Stok)","1","bin TL","29-07-2026"
"NPISH","bie_finhestnks71015","TP.FINHESTNKS71015.ZP21","VF.7.Finansal Türevler, Hanehalkına Hizmet Veren Kar Amacı Olmayan Kuruluşlar (Konsolide Stok)","1","bin TL","29-07-2026"
"NPISH","bie_finhestnks71015","TP.FINHESTNKS71015.ZP22","VF.8.Diğer Alacaklar, Hanehalkına Hizmet Veren Kar Amacı Olmayan Kuruluşlar (Konsolide Stok)","1","bin TL","29-07-2026"
"NPISH","bie_finhestnks71015","TP.FINHESTNKS71015.ZP23","VF.0.Toplam Varlıklar, Hanehalkına Hizmet Veren Kar Amacı Olmayan Kuruluşlar (Konsolide Stok)","1","bin TL","29-07-2026"
"NPISH","bie_finhestnks71015","TP.FINHESTNKS71015.ZP24","F.1.Parasal Altın ve SDR, Hanehalkına Hizmet Veren Kar Amacı Olmayan Kuruluşlar (Konsolide Stok)","1","bin TL","29-07-2026"
"NPISH","bie_finhestnks71015","TP.FINHESTNKS71015.ZP25","F.1.1.Parasal Altın, Hanehalkına Hizmet Veren Kar Amacı Olmayan Kuruluşlar (Konsolide Stok)","2","bin TL","29-07-2026"
"NPISH","bie_finhestnks71015","TP.FINHESTNKS71015.ZP26","F.1.2.Özel Çekme Hakları (SDR), Hanehalkına Hizmet Veren Kar Amacı Olmayan Kuruluşlar (Konsolide Stok)","2","bin TL","29-07-2026"
"NPISH","bie_finhestnks71015","TP.FINHESTNKS71015.ZP27","F.2.Para ve Mevduat, Hanehalkına Hizmet Veren Kar Amacı Olmayan Kuruluşlar (Konsolide Stok)","1","bin TL","29-07-2026"
"NPISH","bie_finhestnks71015","TP.FINHESTNKS71015.ZP28","F.2.1.Para, Hanehalkına Hizmet Veren Kar Amacı Olmayan Kuruluşlar (Konsolide Stok)","2","bin TL","29-07-2026"
"NPISH","bie_finhestnks71015","TP.FINHESTNKS71015.ZP29","F.2.2.Vadesiz Mevduat, Hanehalkına Hizmet Veren Kar Amacı Olmayan Kuruluşlar (Konsolide Stok)","2","bin TL","29-07-2026"
"NPISH","bie_finhestnks71015","TP.FINHESTNKS71015.ZP30","F.2.9.Vadeli Mevduat, Hanehalkına Hizmet Veren Kar Amacı Olmayan Kuruluşlar (Konsolide Stok)","2","bin TL","29-07-2026"
"NPISH","bie_finhestnks71015","TP.FINHESTNKS71015.ZP31","F.3.Borçlanma Senetleri, Hanehalkına Hizmet Veren Kar Amacı Olmayan Kuruluşlar (Konsolide Stok)","1","bin TL","29-07-2026"
"NPISH","bie_finhestnks71015","TP.FINHESTNKS71015.ZP32","F.3.1.Kısa Vadeli Borçlanma Senetleri, Hanehalkına Hizmet Veren Kar Amacı Olmayan Kuruluşlar (Konsolide Stok)","2","bin TL","29-07-2026"
"NPISH","bie_finhestnks71015","TP.FINHESTNKS71015.ZP33","F.3.2.Uzun Vadeli Borçlanma Senetleri, Hanehalkına Hizmet Veren Kar Amacı Olmayan Kuruluşlar (Konsolide Stok)","2","bin TL","29-07-2026"
"NPISH","bie_finhestnks71015","TP.FINHESTNKS71015.ZP34","F.4.Krediler, Hanehalkına Hizmet Veren Kar Amacı Olmayan Kuruluşlar (Konsolide Stok)","1","bin TL","29-07-2026"
"NPISH","bie_finhestnks71015","TP.FINHESTNKS71015.ZP35","F.4.1.Kısa Vadeli Krediler, Hanehalkına Hizmet Veren Kar Amacı Olmayan Kuruluşlar (Konsolide Stok)","2","bin TL","29-07-2026"
"NPISH","bie_finhestnks71015","TP.FINHESTNKS71015.ZP36","F.4.2.Uzun Vadeli Krediler, Hanehalkına Hizmet Veren Kar Amacı Olmayan Kuruluşlar (Konsolide Stok)","2","bin TL","29-07-2026"
"NPISH","bie_finhestnks71015","TP.FINHESTNKS71015.ZP37","F.5.Hisse Senetleri ve Özkaynaklar, Hanehalkına Hizmet Veren Kar Amacı Olmayan Kuruluşlar (Konsolide Stok)","1","bin TL","29-07-2026"
"NPISH","bie_finhestnks71015","TP.FINHESTNKS71015.ZP38","F.5.1.Hisse Senetleri ve Özkaynaklar, Hanehalkına Hizmet Veren Kar Amacı Olmayan Kuruluşlar (Konsolide Stok)","2","bin TL","29-07-2026"
"NPISH","bie_finhestnks71015","TP.FINHESTNKS71015.ZP39","F.5.2.Yatırım Fonu Katılma Belgeleri, Hanehalkına Hizmet Veren Kar Amacı Olmayan Kuruluşlar (Konsolide Stok)","2","bin TL","29-07-2026"
"NPISH","bie_finhestnks71015","TP.FINHESTNKS71015.ZP40","F.5.2.1.Para Piyasası Fonları, Hanehalkına Hizmet Veren Kar Amacı Olmayan Kuruluşlar (Konsolide Stok)","3","bin TL","29-07-2026"
"NPISH","bie_finhestnks71015","TP.FINHESTNKS71015.ZP41","F.5.2.2.Diğer Yatırım Fonları, Hanehalkına Hizmet Veren Kar Amacı Olmayan Kuruluşlar (Konsolide Stok)","3","bin TL","29-07-2026"
"NPISH","bie_finhestnks71015","TP.FINHESTNKS71015.ZP42","F.6.Sigorta ve Emeklilik Sözleşmeleri, Hanehalkına Hizmet Veren Kar Amacı Olmayan Kuruluşlar (Konsolide Stok)","1","bin TL","29-07-2026"
"NPISH","bie_finhestnks71015","TP.FINHESTNKS71015.ZP43","F.7.Finansal Türevler, Hanehalkına Hizmet Veren Kar Amacı Olmayan Kuruluşlar (Konsolide Stok)","1","bin TL","29-07-2026"
"NPISH","bie_finhestnks71015","TP.FINHESTNKS71015.ZP44","F.8.Diğer Borçlar, Hanehalkına Hizmet Veren Kar Amacı Olmayan Kuruluşlar (Konsolide Stok)","1","bin TL","29-07-2026"
"NPISH","bie_finhestnks71015","TP.FINHESTNKS71015.ZP45","F.0.Toplam Yükümlülükler, Hanehalkına Hizmet Veren Kar Amacı Olmayan Kuruluşlar (Konsolide Stok)","1","bin TL","29-07-2026"
"D","bie_finhestnks7102","TP.FINHESTNKS7102.ZP1","BF.9.NET FİNANSAL DEĞER, Dünyanın Geri Kalanı (Konsolide Stok)","1","bin TL","29-07-2026"
"D","bie_finhestnks7102","TP.FINHESTNKS7102.ZP2","VF.1.Parasal Altın ve SDR, Dünyanın Geri Kalanı (Konsolide Stok)","1","bin TL","29-07-2026"
"D","bie_finhestnks7102","TP.FINHESTNKS7102.ZP3","VF.1.1.Parasal Altın, Dünyanın Geri Kalanı (Konsolide Stok)","2","bin TL","29-07-2026"
"D","bie_finhestnks7102","TP.FINHESTNKS7102.ZP4","VF.1.2.Özel Çekme Hakları (SDR), Dünyanın Geri Kalanı (Konsolide Stok)","2","bin TL","29-07-2026"
"D","bie_finhestnks7102","TP.FINHESTNKS7102.ZP5","VF.2.Para ve Mevduat, Dünyanın Geri Kalanı (Konsolide Stok)","1","bin TL","29-07-2026"
"D","bie_finhestnks7102","TP.FINHESTNKS7102.ZP6","VF.2.1.Para, Dünyanın Geri Kalanı (Konsolide Stok)","2","bin TL","29-07-2026"
"D","bie_finhestnks7102","TP.FINHESTNKS7102.ZP7","VF.2.2.Vadesiz Mevduat, Dünyanın Geri Kalanı (Konsolide Stok)","2","bin TL","29-07-2026"
"D","bie_finhestnks7102","TP.FINHESTNKS7102.ZP8","VF.2.9.Vadeli Mevduat, Dünyanın Geri Kalanı (Konsolide Stok)","2","bin TL","29-07-2026"
"D","bie_finhestnks7102","TP.FINHESTNKS7102.ZP9","VF.3.Borçlanma Senetleri, Dünyanın Geri Kalanı (Konsolide Stok)","1","bin TL","29-07-2026"
"D","bie_finhestnks7102","TP.FINHESTNKS7102.ZP10","VF.3.1.Kısa Vadeli Borçlanma Senetleri, Dünyanın Geri Kalanı (Konsolide Stok)","2","bin TL","29-07-2026"
"D","bie_finhestnks7102","TP.FINHESTNKS7102.ZP11","VF.3.2.Uzun Vadeli Borçlanma Senetleri, Dünyanın Geri Kalanı (Konsolide Stok)","2","bin TL","29-07-2026"
"D","bie_finhestnks7102","TP.FINHESTNKS7102.ZP12","VF.4.Krediler, Dünyanın Geri Kalanı (Konsolide Stok)","1","bin TL","29-07-2026"
"D","bie_finhestnks7102","TP.FINHESTNKS7102.ZP13","VF.4.1.Kısa Vadeli Krediler, Dünyanın Geri Kalanı (Konsolide Stok)","2","bin TL","29-07-2026"
"D","bie_finhestnks7102","TP.FINHESTNKS7102.ZP14","VF.4.2.Uzun Vadeli Krediler, Dünyanın Geri Kalanı (Konsolide Stok)","2","bin TL","29-07-2026"
"D","bie_finhestnks7102","TP.FINHESTNKS7102.ZP15","VF.5.Hisse Senetleri ve Özkaynaklar, Dünyanın Geri Kalanı (Konsolide Stok)","1","bin TL","29-07-2026"
"D","bie_finhestnks7102","TP.FINHESTNKS7102.ZP16","VF.5.1.Hisse Senetleri ve Özkaynaklar, Dünyanın Geri Kalanı (Konsolide Stok)","2","bin TL","29-07-2026"
"D","bie_finhestnks7102","TP.FINHESTNKS7102.ZP17","VF.5.2.Yatırım Fonu Katılma Belgeleri, Dünyanın Geri Kalanı (Konsolide Stok)","2","bin TL","29-07-2026"
"D","bie_finhestnks7102","TP.FINHESTNKS7102.ZP18","VF.5.2.1.Para Piyasası Fonları, Dünyanın Geri Kalanı (Konsolide Stok)","3","bin TL","29-07-2026"
"D","bie_finhestnks7102","TP.FINHESTNKS7102.ZP19","VF.5.2.2.Diğer Yatırım Fonları, Dünyanın Geri Kalanı (Konsolide Stok)","3","bin TL","29-07-2026"
"D","bie_finhestnks7102","TP.FINHESTNKS7102.ZP20","VF.6.Sigorta ve Emeklilik Sözleşmeleri, Dünyanın Geri Kalanı (Konsolide Stok)","1","bin TL","29-07-2026"
"D","bie_finhestnks7102","TP.FINHESTNKS7102.ZP21","VF.7.Finansal Türevler, Dünyanın Geri Kalanı (Konsolide Stok)","1","bin TL","29-07-2026"
"D","bie_finhestnks7102","TP.FINHESTNKS7102.ZP22","VF.8.Diğer Alacaklar, Dünyanın Geri Kalanı (Konsolide Stok)","1","bin TL","29-07-2026"
"D","bie_finhestnks7102","TP.FINHESTNKS7102.ZP23","VF.0.Toplam Varlıklar, Dünyanın Geri Kalanı (Konsolide Stok)","1","bin TL","29-07-2026"
"D","bie_finhestnks7102","TP.FINHESTNKS7102.ZP24","F.1.Parasal Altın ve SDR, Dünyanın Geri Kalanı (Konsolide Stok)","1","bin TL","29-07-2026"
"D","bie_finhestnks7102","TP.FINHESTNKS7102.ZP25","F.1.1.Parasal Altın, Dünyanın Geri Kalanı (Konsolide Stok)","2","bin TL","29-07-2026"
"D","bie_finhestnks7102","TP.FINHESTNKS7102.ZP26","F.1.2.Özel Çekme Hakları (SDR), Dünyanın Geri Kalanı (Konsolide Stok)","2","bin TL","29-07-2026"
"D","bie_finhestnks7102","TP.FINHESTNKS7102.ZP27","F.2.Para ve Mevduat, Dünyanın Geri Kalanı (Konsolide Stok)","1","bin TL","29-07-2026"
"D","bie_finhestnks7102","TP.FINHESTNKS7102.ZP28","F.2.1.Para, Dünyanın Geri Kalanı (Konsolide Stok)","2","bin TL","29-07-2026"
"D","bie_finhestnks7102","TP.FINHESTNKS7102.ZP29","F.2.2.Vadesiz Mevduat, Dünyanın Geri Kalanı (Konsolide Stok)","2","bin TL","29-07-2026"
"D","bie_finhestnks7102","TP.FINHESTNKS7102.ZP30","F.2.9.Vadeli Mevduat, Dünyanın Geri Kalanı (Konsolide Stok)","2","bin TL","29-07-2026"
"D","bie_finhestnks7102","TP.FINHESTNKS7102.ZP31","F.3.Borçlanma Senetleri, Dünyanın Geri Kalanı (Konsolide Stok)","1","bin TL","29-07-2026"
"D","bie_finhestnks7102","TP.FINHESTNKS7102.ZP32","F.3.1.Kısa Vadeli Borçlanma Senetleri, Dünyanın Geri Kalanı (Konsolide Stok)","2","bin TL","29-07-2026"
"D","bie_finhestnks7102","TP.FINHESTNKS7102.ZP33","F.3.2.Uzun Vadeli Borçlanma Senetleri, Dünyanın Geri Kalanı (Konsolide Stok)","2","bin TL","29-07-2026"
"D","bie_finhestnks7102","TP.FINHESTNKS7102.ZP34","F.4.Krediler, Dünyanın Geri Kalanı (Konsolide Stok)","1","bin TL","29-07-2026"
"D","bie_finhestnks7102","TP.FINHESTNKS7102.ZP35","F.4.1.Kısa Vadeli Krediler, Dünyanın Geri Kalanı (Konsolide Stok)","2","bin TL","29-07-2026"
"D","bie_finhestnks7102","TP.FINHESTNKS7102.ZP36","F.4.2.Uzun Vadeli Krediler, Dünyanın Geri Kalanı (Konsolide Stok)","2","bin TL","29-07-2026"
"D","bie_finhestnks7102","TP.FINHESTNKS7102.ZP37","F.5.Hisse Senetleri ve Özkaynaklar, Dünyanın Geri Kalanı (Konsolide Stok)","1","bin TL","29-07-2026"
"D","bie_finhestnks7102","TP.FINHESTNKS7102.ZP38","F.5.1.Hisse Senetleri ve Özkaynaklar, Dünyanın Geri Kalanı (Konsolide Stok)","2","bin TL","29-07-2026"
"D","bie_finhestnks7102","TP.FINHESTNKS7102.ZP39","F.5.2.Yatırım Fonu Katılma Belgeleri, Dünyanın Geri Kalanı (Konsolide Stok)","2","bin TL","29-07-2026"
"D","bie_finhestnks7102","TP.FINHESTNKS7102.ZP40","F.5.2.1.Para Piyasası Fonları, Dünyanın Geri Kalanı (Konsolide Stok)","3","bin TL","29-07-2026"
"D","bie_finhestnks7102","TP.FINHESTNKS7102.ZP41","F.5.2.2.Diğer Yatırım Fonları, Dünyanın Geri Kalanı (Konsolide Stok)","3","bin TL","29-07-2026"
"D","bie_finhestnks7102","TP.FINHESTNKS7102.ZP42","F.6.Sigorta ve Emeklilik Sözleşmeleri, Dünyanın Geri Kalanı (Konsolide Stok)","1","bin TL","29-07-2026"
"D","bie_finhestnks7102","TP.FINHESTNKS7102.ZP43","F.7.Finansal Türevler, Dünyanın Geri Kalanı (Konsolide Stok)","1","bin TL","29-07-2026"
"D","bie_finhestnks7102","TP.FINHESTNKS7102.ZP44","F.8.Diğer Borçlar, Dünyanın Geri Kalanı (Konsolide Stok)","1","bin TL","29-07-2026"
"D","bie_finhestnks7102","TP.FINHESTNKS7102.ZP45","F.0.Toplam Yükümlülükler, Dünyanın Geri Kalanı (Konsolide Stok)","1","bin TL","29-07-2026"
"TOPLAM","bie_finhestnks7101","TP.FINHESTNKS7101.ZP1","BF.9.NET FİNANSAL DEĞER,Toplam Ekonomi (Konsolide Stok)","1","bin TL","29-07-2026"
"TOPLAM","bie_finhestnks7101","TP.FINHESTNKS7101.ZP2","VF.1.Parasal Altın ve SDR,Toplam Ekonomi (Konsolide Stok)","1","bin TL","29-07-2026"
"TOPLAM","bie_finhestnks7101","TP.FINHESTNKS7101.ZP3","VF.1.1.Parasal Altın,Toplam Ekonomi (Konsolide Stok)","2","bin TL","29-07-2026"
"TOPLAM","bie_finhestnks7101","TP.FINHESTNKS7101.ZP4","VF.1.2.Özel Çekme Hakları (SDR),Toplam Ekonomi (Konsolide Stok)","2","bin TL","29-07-2026"
"TOPLAM","bie_finhestnks7101","TP.FINHESTNKS7101.ZP5","VF.2.Para ve Mevduat,Toplam Ekonomi (Konsolide Stok)","1","bin TL","29-07-2026"
"TOPLAM","bie_finhestnks7101","TP.FINHESTNKS7101.ZP6","VF.2.1.Para,Toplam Ekonomi (Konsolide Stok)","2","bin TL","29-07-2026"
"TOPLAM","bie_finhestnks7101","TP.FINHESTNKS7101.ZP7","VF.2.2.Vadesiz Mevduat,Toplam Ekonomi (Konsolide Stok)","2","bin TL","29-07-2026"
"TOPLAM","bie_finhestnks7101","TP.FINHESTNKS7101.ZP8","VF.2.9.Vadeli Mevduat,Toplam Ekonomi (Konsolide Stok)","2","bin TL","29-07-2026"
"TOPLAM","bie_finhestnks7101","TP.FINHESTNKS7101.ZP9","VF.3.Borçlanma Senetleri,Toplam Ekonomi (Konsolide Stok)","1","bin TL","29-07-2026"
"TOPLAM","bie_finhestnks7101","TP.FINHESTNKS7101.ZP10","VF.3.1.Kısa Vadeli Borçlanma Senetleri,Toplam Ekonomi (Konsolide Stok)","2","bin TL","29-07-2026"
"TOPLAM","bie_finhestnks7101","TP.FINHESTNKS7101.ZP11","VF.3.2.Uzun Vadeli Borçlanma Senetleri,Toplam Ekonomi (Konsolide Stok)","2","bin TL","29-07-2026"
"TOPLAM","bie_finhestnks7101","TP.FINHESTNKS7101.ZP12","VF.4.Krediler,Toplam Ekonomi (Konsolide Stok)","1","bin TL","29-07-2026"
"TOPLAM","bie_finhestnks7101","TP.FINHESTNKS7101.ZP13","VF.4.1.Kısa Vadeli Krediler,Toplam Ekonomi (Konsolide Stok)","2","bin TL","29-07-2026"
"TOPLAM","bie_finhestnks7101","TP.FINHESTNKS7101.ZP14","VF.4.2.Uzun Vadeli Krediler,Toplam Ekonomi (Konsolide Stok)","2","bin TL","29-07-2026"
"TOPLAM","bie_finhestnks7101","TP.FINHESTNKS7101.ZP15","VF.5.Hisse Senetleri ve Özkaynaklar,Toplam Ekonomi (Konsolide Stok)","1","bin TL","29-07-2026"
"TOPLAM","bie_finhestnks7101","TP.FINHESTNKS7101.ZP16","VF.5.1.Hisse Senetleri ve Özkaynaklar,Toplam Ekonomi (Konsolide Stok)","2","bin TL","29-07-2026"
"TOPLAM","bie_finhestnks7101","TP.FINHESTNKS7101.ZP17","VF.5.2.Yatırım Fonu Katılma Belgeleri,Toplam Ekonomi (Konsolide Stok)","2","bin TL","29-07-2026"
"TOPLAM","bie_finhestnks7101","TP.FINHESTNKS7101.ZP18","VF.5.2.1.Para Piyasası Fonları,Toplam Ekonomi (Konsolide Stok)","3","bin TL","29-07-2026"
"TOPLAM","bie_finhestnks7101","TP.FINHESTNKS7101.ZP19","VF.5.2.2.Diğer Yatırım Fonları,Toplam Ekonomi (Konsolide Stok)","3","bin TL","29-07-2026"
"TOPLAM","bie_finhestnks7101","TP.FINHESTNKS7101.ZP20","VF.6.Sigorta ve Emeklilik Sözleşmeleri,Toplam Ekonomi (Konsolide Stok)","1","bin TL","29-07-2026"
"TOPLAM","bie_finhestnks7101","TP.FINHESTNKS7101.ZP21","VF.7.Finansal Türevler,Toplam Ekonomi (Konsolide Stok)","1","bin TL","29-07-2026"
"TOPLAM","bie_finhestnks7101","TP.FINHESTNKS7101.ZP22","VF.8.Diğer Alacaklar,Toplam Ekonomi (Konsolide Stok)","1","bin TL","29-07-2026"
"TOPLAM","bie_finhestnks7101","TP.FINHESTNKS7101.ZP23","VF.0.Toplam Varlıklar,Toplam Ekonomi (Konsolide Stok)","1","bin TL","29-07-2026"
"TOPLAM","bie_finhestnks7101","TP.FINHESTNKS7101.ZP24","F.1.Parasal Altın ve SDR,Toplam Ekonomi (Konsolide Stok)","1","bin TL","29-07-2026"
"TOPLAM","bie_finhestnks7101","TP.FINHESTNKS7101.ZP25","F.1.1.Parasal Altın,Toplam Ekonomi (Konsolide Stok)","2","bin TL","29-07-2026"
"TOPLAM","bie_finhestnks7101","TP.FINHESTNKS7101.ZP26","F.1.2.Özel Çekme Hakları (SDR),Toplam Ekonomi (Konsolide Stok)","2","bin TL","29-07-2026"
"TOPLAM","bie_finhestnks7101","TP.FINHESTNKS7101.ZP27","F.2.Para ve Mevduat,Toplam Ekonomi (Konsolide Stok)","1","bin TL","29-07-2026"
"TOPLAM","bie_finhestnks7101","TP.FINHESTNKS7101.ZP28","F.2.1.Para,Toplam Ekonomi (Konsolide Stok)","2","bin TL","29-07-2026"
"TOPLAM","bie_finhestnks7101","TP.FINHESTNKS7101.ZP29","F.2.2.Vadesiz Mevduat,Toplam Ekonomi (Konsolide Stok)","2","bin TL","29-07-2026"
"TOPLAM","bie_finhestnks7101","TP.FINHESTNKS7101.ZP30","F.2.9.Vadeli Mevduat,Toplam Ekonomi (Konsolide Stok)","2","bin TL","29-07-2026"
"TOPLAM","bie_finhestnks7101","TP.FINHESTNKS7101.ZP31","F.3.Borçlanma Senetleri,Toplam Ekonomi (Konsolide Stok)","1","bin TL","29-07-2026"
"TOPLAM","bie_finhestnks7101","TP.FINHESTNKS7101.ZP32","F.3.1.Kısa Vadeli Borçlanma Senetleri,Toplam Ekonomi (Konsolide Stok)","2","bin TL","29-07-2026"
"TOPLAM","bie_finhestnks7101","TP.FINHESTNKS7101.ZP33","F.3.2.Uzun Vadeli Borçlanma Senetleri,Toplam Ekonomi (Konsolide Stok)","2","bin TL","29-07-2026"
"TOPLAM","bie_finhestnks7101","TP.FINHESTNKS7101.ZP34","F.4.Krediler,Toplam Ekonomi (Konsolide Stok)","1","bin TL","29-07-2026"
"TOPLAM","bie_finhestnks7101","TP.FINHESTNKS7101.ZP35","F.4.1.Kısa Vadeli Krediler,Toplam Ekonomi (Konsolide Stok)","2","bin TL","29-07-2026"
"TOPLAM","bie_finhestnks7101","TP.FINHESTNKS7101.ZP36","F.4.2.Uzun Vadeli Krediler,Toplam Ekonomi (Konsolide Stok)","2","bin TL","29-07-2026"
"TOPLAM","bie_finhestnks7101","TP.FINHESTNKS7101.ZP37","F.5.Hisse Senetleri ve Özkaynaklar,Toplam Ekonomi (Konsolide Stok)","1","bin TL","29-07-2026"
"TOPLAM","bie_finhestnks7101","TP.FINHESTNKS7101.ZP38","F.5.1.Hisse Senetleri ve Özkaynaklar,Toplam Ekonomi (Konsolide Stok)","2","bin TL","29-07-2026"
"TOPLAM","bie_finhestnks7101","TP.FINHESTNKS7101.ZP39","F.5.2.Yatırım Fonu Katılma Belgeleri,Toplam Ekonomi (Konsolide Stok)","2","bin TL","29-07-2026"
"TOPLAM","bie_finhestnks7101","TP.FINHESTNKS7101.ZP40","F.5.2.1.Para Piyasası Fonları,Toplam Ekonomi (Konsolide Stok)","3","bin TL","29-07-2026"
"TOPLAM","bie_finhestnks7101","TP.FINHESTNKS7101.ZP41","F.5.2.2.Diğer Yatırım Fonları,Toplam Ekonomi (Konsolide Stok)","3","bin TL","29-07-2026"
"TOPLAM","bie_finhestnks7101","TP.FINHESTNKS7101.ZP42","F.6.Sigorta ve Emeklilik Sözleşmeleri,Toplam Ekonomi (Konsolide Stok)","1","bin TL","29-07-2026"
"TOPLAM","bie_finhestnks7101","TP.FINHESTNKS7101.ZP43","F.7.Finansal Türevler,Toplam Ekonomi (Konsolide Stok)","1","bin TL","29-07-2026"
"TOPLAM","bie_finhestnks7101","TP.FINHESTNKS7101.ZP44","F.8.Diğer Borçlar,Toplam Ekonomi (Konsolide Stok)","1","bin TL","29-07-2026"
"TOPLAM","bie_finhestnks7101","TP.FINHESTNKS7101.ZP45","F.0.Toplam Yükümlülükler,Toplam Ekonomi (Konsolide Stok)","1","bin TL","29-07-2026"
