Donem,Enstruman,H,F,B,K,D,satir_toplam
2015-Q1,altin_sdr,0.0,0.0,0.0,-1509013.2942,15.8636,-1508997.4305999998
2015-Q1,para_mevduat,21228447.6307,-1924290.199,-15503824.3785,-6828645.9437,3028312.649699999,-0.24080000165849924
2015-Q1,borclanma_senedi,-609855.3113,-782140.1418,19300764.6382,-7494881.4054000005,-10413887.7797,0.0
2015-Q1,kredi,-10391443.4963,-83408510.0027,71973320.46669999,17714662.6195,4111970.6536,0.24079998955130577
2015-Q1,hisse_ozkaynak,5897671.943600001,-3421072.2491999995,-4778173.4838,2567002.7894,-265429.0,1.862645149230957e-09
2015-Q1,sigorta_emeklilik,3340822.4719,922118.357,-4136551.9469,-126388.882,0.0,2.1827872842550278e-10
2015-Q1,turev,-83889.6133,-17272.678399999975,1946718.2129000002,0.0,-1845555.9213000005,-0.0001000002957880497
2015-Q1,diger,-446435.7587,1113246.96,-1764080.257700001,4603166.5666000005,-3505897.5101,9.999936446547508e-05
2015-Q1,NET_BORCLANMA(NL),18935317.8666,-87517919.9541,67038173.250899985,8925902.450199999,-8890471.044200003,-1508997.4306000117
2015-Q2,altin_sdr,0.0,0.0,0.0,-1328362.4504,84.8819,-1328277.5685
2015-Q2,para_mevduat,28142533.0374,9650641.0648,-34967662.157199994,2944532.1273999996,-5770044.288699999,-0.21629999205470085
2015-Q2,borclanma_senedi,28157.0221,-2230440.8583,35492390.0951,-20741968.8695,-12548137.3894,1.862645149230957e-09
2015-Q2,kredi,-11429450.3856,-64988881.4886,44308518.169099994,19331957.511800002,12777856.4098,0.21649999544024467
2015-Q2,hisse_ozkaynak,-8554844.4328,9382797.029,2032989.5357,2152141.8682,-5013084.0,9.999796748161316e-05
2015-Q2,sigorta_emeklilik,2962553.3509,507644.4335,-3306712.9844,-163484.8,0.0,-1.7462298274040222e-10
2015-Q2,turev,114962.37419999999,-509148.05370000005,373773.22719999985,0.0,20412.45219999994,-0.0001000002957880497
2015-Q2,diger,528794.5907000001,2511392.9063000004,-7386479.1965,-367109.5320000001,4713401.2316,9.999983012676239e-05
2015-Q2,NET_BORCLANMA(NL),11792705.556899998,-45675994.967,36546816.68900001,1827705.8555000017,-5819510.702599999,-1328277.568200007
2015-Q3,altin_sdr,0.0,0.0,0.0,360740.0818,19.7203,360759.8021
2015-Q3,para_mevduat,15787565.844299998,13222294.5353,-9169433.776600005,8708479.359300002,-28548906.0799,-0.11760000512003899
2015-Q3,borclanma_senedi,-297850.895,1265307.4589,36794713.6847,-18823208.5734,-18938961.6752,0.0
2015-Q3,kredi,-7276813.9322999995,-38209918.7132,20684667.3208,9503231.7337,15298833.7087,0.11769999377429485
2015-Q3,hisse_ozkaynak,8054517.899799999,798124.1809,-10985773.8263,2118327.7456,14804.0,-1.862645149230957e-09
2015-Q3,sigorta_emeklilik,2224385.2006,432187.5428,-2663203.2322,6630.4888,0.0,6.639311322942376e-11
2015-Q3,turev,-196723.1092,-872500.3977999999,4311093.2425999995,0.0,-3241869.7356000002,-9.313225746154785e-10
2015-Q3,diger,-438450.11,820340.3863000004,-527751.7158999993,-1095147.0801,1241008.5198,0.00010000122711062431
2015-Q3,NET_BORCLANMA(NL),17856630.898199998,-22544165.006800003,38444311.69709999,779053.7557000048,-34175071.5419,360759.8022999801
2015-Q4,altin_sdr,0.0,0.0,0.0,1085268.556,19.9233,1085288.4793
2015-Q4,para_mevduat,5571948.5843,2406021.0858,-35386553.5827,16227162.0641,11181422.329599999,0.4810999985784292
2015-Q4,borclanma_senedi,95991.8905,-1574533.3636,76889.19160000002,-6707309.2581,8108961.5397,9.999983012676239e-05
2015-Q4,kredi,-6314297.2137,-29741111.7894,30010852.211900003,-1759338.2649000003,7803894.575,-0.48109999764710665
2015-Q4,hisse_ozkaynak,-4210274.3807,-26887422.7804,2720019.5205,4880171.6407,23497506.0,0.00010000169277191162
2015-Q4,sigorta_emeklilik,3380163.0989,901859.9464,-3740807.5936,-541215.4517,0.0,5.820766091346741e-10
2015-Q4,turev,88515.21870000001,427905.70440000005,-3979259.086000001,0.0,3462838.1628999994,-1.3969838619232178e-09
2015-Q4,diger,1270671.3758,-638464.4742999999,2973444.1170000006,-7219404.0622000005,3613753.0437,0.0
2015-Q4,NET_BORCLANMA(NL),-117281.42619999964,-55105745.671100006,-7325415.2212999975,5965335.223899999,57668395.574200004,1085288.4795000032
2016-Q1,altin_sdr,0.0,0.0,0.0,-4517710.9116,21.1516,-4517689.76
2016-Q1,para_mevduat,29916218.8547,-1262052.3656,-9646518.130799998,21871596.076100003,-40879244.011300005,0.4231000021100044
2016-Q1,borclanma_senedi,-182780.3729,-1080640.2639000001,906379.1544000038,-47805303.1624,48162344.645,0.00020001083612442017
2016-Q1,kredi,-4678066.9229999995,-40905264.9063,24671215.141900003,16397074.9124,4515041.3521,-0.4228999987244606
2016-Q1,hisse_ozkaynak,212213.2272999999,-4831472.0895,-1749481.8000999996,1588762.4623,4779978.2,9.313225746154785e-10
2016-Q1,sigorta_emeklilik,5241271.4567,1393611.4564,-6512108.585,-122774.3281,0.0,5.093170329928398e-10
2016-Q1,turev,151025.43360000002,-89938.04890000005,-2128768.0431000004,0.0,2067680.6585,9.999959729611874e-05
2016-Q1,diger,-19168.729700000025,-518447.69859999977,437752.5574999992,1177390.0603999998,-1077526.1897,-0.000100000761449337
2016-Q1,NET_BORCLANMA(NL),30640712.9467,-47294203.91639999,5978470.294800006,-11410964.890899997,17568295.8062,-4517689.759599982
2016-Q2,altin_sdr,0.0,0.0,0.0,-63617.3467,172.4763,-63444.8704
2016-Q2,para_mevduat,27678280.845200002,764695.566,-19474180.0565,-19830274.982599996,10861478.2398,-0.38809999264776707
2016-Q2,borclanma_senedi,-583077.4616,90648.22590000002,-796332.7373000016,7747961.148500001,-6459199.175499998,1.862645149230957e-09
2016-Q2,kredi,-10802922.326700002,-57576856.584,49766078.981300004,-476126.1481000001,19089826.4657,0.3882000111043453
2016-Q2,hisse_ozkaynak,-2707926.7857000004,8490374.252700001,-3317801.7558000004,-470126.9112,-1994518.7999999998,0.0
2016-Q2,sigorta_emeklilik,4312181.2898,933267.2388,-5053259.6825,-192188.8461,0.0,6.693881005048752e-10
2016-Q2,turev,142232.8585,631097.1168,-2329078.295,0.0,1555748.3198000002,0.0001000002957880497
2016-Q2,diger,-228511.23829999997,-6806893.794300001,-2291399.9447,4874663.2246,4452141.752700001,0.0
2016-Q2,NET_BORCLANMA(NL),17810257.1812,-53473667.978099994,16504026.509500004,-8409709.861599997,27505649.278800003,-63444.87019998208
2016-Q3,altin_sdr,0.0,0.0,0.0,-4074484.0628,0.0,-4074484.0628
2016-Q3,para_mevduat,8372659.218900001,6711228.1832,-46220572.583000004,-6237631.120999999,37374315.9192,-0.38269999623298645
2016-Q3,borclanma_senedi,-550289.6434,-700283.7563,14653412.748800002,30244394.032199997,-43647233.3812,0.00010000169277191162
2016-Q3,kredi,-7260332.8364,28367833.653899997,-7253973.681299999,-9215584.4153,-4637942.3382,0.3826999953016639
2016-Q3,hisse_ozkaynak,-1356322.9361999999,11462331.8846,-9534311.9474,1805328.299,-2377025.3,4.656612873077393e-10
2016-Q3,sigorta_emeklilik,3477779.8431,187248.038,-3542160.2638,-122867.6173,0.0,5.093170329928398e-10
2016-Q3,turev,-308458.7958,-256015.71630000003,3504639.6933000004,0.0,-2940165.1810999997,0.000100000761449337
2016-Q3,diger,766220.6053,-3224765.5844,2805425.1447,-3233836.9990000003,2886956.8333,-0.0001000002957880497
2016-Q3,NET_BORCLANMA(NL),3141255.4555,42547576.7027,-45587540.8887,9165318.115799997,-13341093.447999999,-4074484.0627000034
2016-Q4,altin_sdr,0.0,0.0,0.0,-8381163.5184,0.0,-8381163.5184
2016-Q4,para_mevduat,14688266.189900002,28999576.9164,-52553987.96360001,34871012.7414,-26004867.391,0.49309999868273735
2016-Q4,borclanma_senedi,-4278426.0385,-2058042.8703,61820338.6929,-30765491.619,-24718378.1652,-9.99942421913147e-05
2016-Q4,kredi,-19202733.7151,-64999375.3311,98316498.01210001,-15528825.7586,1414436.2998000002,-0.4928999962285161
2016-Q4,hisse_ozkaynak,-3023299.3575999998,9832503.714200001,-1110887.2555,4690502.598999999,-10388819.7,0.00010000169277191162
2016-Q4,sigorta_emeklilik,5979183.6044,956140.1845,-4412559.6631,-2522764.1258,0.0,-4.656612873077393e-10
2016-Q4,turev,-167279.1085,-625148.1713999999,5667686.122700001,0.0,-4875258.8427,0.00010000169277191162
2016-Q4,diger,2969616.6562,-17730845.1785,2333806.5905999998,10731208.0698,1696213.861800001,-0.000100000761449337
2016-Q4,NET_BORCLANMA(NL),-3034671.7692,-45625190.736200005,110060894.5361,-6905521.611599995,-62876673.9373,-8381163.51820001
2017-Q1,altin_sdr,0.0,0.0,0.0,7193243.8416,0.0,7193243.8416
2017-Q1,para_mevduat,31875590.4522,31423812.8832,-86931729.5101,-3951574.979699999,27583901.1544,-7.450580596923828e-09
2017-Q1,borclanma_senedi,-431586.6545,-1085691.4861,8035164.6038999995,-36015587.6796,29497701.216300003,0.0
2017-Q1,kredi,-12956756.3168,-138413413.3555,157447405.0988,-1655146.6265000002,-4422088.800000001,-8.381903171539307e-09
2017-Q1,hisse_ozkaynak,2990325.9485,-9088192.611,-4184910.3870000006,2004838.8659,8277938.1837,0.000100000761449337
2017-Q1,sigorta_emeklilik,6146406.4406,1295818.8955,-7401198.4756,-41026.8605,0.0,1.3460521586239338e-09
2017-Q1,turev,343429.6389,-230004.2367,465132.0199000002,0.0,-578557.4220999999,3.4924596548080444e-10
2017-Q1,diger,547724.6049999997,-3286773.7863,-3210198.8775999993,-3391554.7116,9340802.7703,-0.00019999966025352478
2017-Q1,NET_BORCLANMA(NL),28515134.1139,-119384443.6969,64219664.47229998,-35856808.1504,69699697.10260001,7193243.841499969
2017-Q2,altin_sdr,0.0,0.0,0.0,5094309.5224,444.2709,5094753.7933
2017-Q2,para_mevduat,42469463.2169,-2061271.1419,5439286.6402,-13231330.770500004,-32616147.944700003,-1.4901161193847656e-08
2017-Q2,borclanma_senedi,634225.7356,3655183.6697,-11075880.947400002,-44604017.2262,51390488.768400006,0.00010000169277191162
2017-Q2,kredi,-17153306.0917,-4807959.2447999995,-460389.24240000173,23121509.9788,-699855.4,-9.999948088079691e-05
2017-Q2,hisse_ozkaynak,-5468144.995,9881823.5875,-2133273.4264,-4594153.1977,2313748.0316000003,0.0
2017-Q2,sigorta_emeklilik,3380672.9096,697450.624,-4014505.4257,-63618.108,0.0,-0.00010000028851209208
2017-Q2,turev,-263584.8519,430446.4926,-2906562.6864,0.0,2739701.0457,0.0
2017-Q2,diger,437442.6409,-4072303.9508999996,-2923285.2841,6656297.4234,-98150.82919999957,0.000100000761449337
2017-Q2,NET_BORCLANMA(NL),24036768.5644,3723370.036200001,-18074610.372200005,-27621002.377800006,23030227.942700006,5094753.793299995
2017-Q3,altin_sdr,0.0,0.0,0.0,4499744.4689,220.9414,4499965.4103
2017-Q3,para_mevduat,10998779.7361,18846333.6782,-30567979.2793,-1277399.7342999987,2000265.5992,-0.000100000761449337
2017-Q3,borclanma_senedi,3914120.9784,1719930.4999000002,-1788049.7110999997,-19911278.5279,16065276.7606,-9.999796748161316e-05
2017-Q3,kredi,-23886328.8841,-143501865.75,166203859.07340002,4567515.5607,-3383180.0,3.073364496231079e-08
2017-Q3,hisse_ozkaynak,-7146857.7509,9574385.0975,-2190438.9971000003,-6453581.589,6216493.2394,-9.999983012676239e-05
2017-Q3,sigorta_emeklilik,1787993.8214,83101.4806,-2100246.2011,229150.8991,0.0,-2.6193447411060333e-10
2017-Q3,turev,79587.28689999999,-242124.5982,3434577.2114999997,0.0,-3272039.9000999997,9.999983012676239e-05
2017-Q3,diger,3506765.7873,-26356537.2211,773134.0801000008,-50481.48530000076,22127118.839,3.725290298461914e-09
2017-Q3,NET_BORCLANMA(NL),-10745939.024900002,-139876776.81309998,133764856.1764,-18396330.4078,39754155.4795,4499965.410100013
2017-Q4,altin_sdr,0.0,0.0,0.0,10881640.2285,0.0,10881640.2285
2017-Q4,para_mevduat,12138404.0365,8025577.601,7101913.161,-7792569.7685,-19473325.03,0.0
2017-Q4,borclanma_senedi,3238428.9446,2176578.3553,-17709345.57,-28873068.2929,41167406.5629,-0.00010000169277191162
2017-Q4,kredi,-15984764.4512,-127379039.5578,108432271.72639999,11107805.282500003,23823727.0,-0.00010001286864280701
2017-Q4,hisse_ozkaynak,-45627.681799999904,1787631.2987,-4370509.2683999995,-2641117.7856,5269623.437100001,9.313225746154785e-10
2017-Q4,sigorta_emeklilik,4579508.6253,474567.2793,-3717593.174,-1336482.7306,0.0,0.0
2017-Q4,turev,8836.3831,393462.60010000004,-4108111.9667,0.0,3705812.9834,-0.0001000002957880497
2017-Q4,diger,-148950.6668,3879927.4791,792647.3037999999,-3086124.9378999993,-1437499.1783000007,-9.999983012676239e-05
2017-Q4,NET_BORCLANMA(NL),3785835.189700001,-110641294.94430001,86421272.2121,-21739918.004499998,53055745.7751,10881640.228100002
2018-Q1,altin_sdr,0.0,0.0,0.0,4964252.0239,0.0,4964252.0239
2018-Q1,para_mevduat,17162508.448799998,-13958619.5909,-30008061.520899996,41838656.3221,-15034483.659100002,-1.862645149230957e-09
2018-Q1,borclanma_senedi,4137580.7671,3844168.6978,-8309512.0436,-46083159.856,46410922.4347,0.0
2018-Q1,kredi,-11396605.211500002,56114038.333,-47787861.502799995,-6333265.1187,9403693.5,-3.725290298461914e-09
2018-Q1,hisse_ozkaynak,4175659.6043000002,8469783.8483,-12112668.0884,1067857.0705000013,-1600632.4347,9.313225746154785e-10
2018-Q1,sigorta_emeklilik,2325454.9997,-1119835.8008,-1057722.3878,-147896.8111,0.0,5.820766091346741e-11
2018-Q1,turev,-66791.1122,-834742.9944,5425838.7217999995,0.0,-4524304.6151,9.999983012676239e-05
2018-Q1,diger,-1107040.2441000002,10762468.2327,-1852614.2350999992,-700501.3295999998,-7102312.4240999995,-0.00019999966025352478
2018-Q1,NET_BORCLANMA(NL),15230767.252099996,63277260.72569999,-95702601.0568,-5394057.698899994,27552882.801699992,4964252.023799993
2018-Q2,altin_sdr,0.0,0.0,0.0,-5038322.0704,0.0,-5038322.0704
2018-Q2,para_mevduat,33653858.2832,20907718.2763,-36031052.14359999,10453649.600600002,-28984174.016400002,0.00010001659393310547
2018-Q2,borclanma_senedi,3142934.3043,4035782.0294,18279379.520400003,-69097094.3516,43638998.4975,0.0
2018-Q2,kredi,-15635359.606700001,-38897425.1568,37077938.849700004,4705677.5137,12749168.4,-9.999983012676239e-05
2018-Q2,hisse_ozkaynak,-10325834.6138,22310231.9534,-7122595.2526,-4953493.589399993,91691.50249999994,0.000100006815046072
2018-Q2,sigorta_emeklilik,3159909.1484,798980.1607,-4108306.5443,149417.2353,0.0,9.999953908845782e-05
2018-Q2,turev,29405.9597,-1412018.788,5441034.243199997,0.0,-4058421.414999999,-0.00010000262409448624
2018-Q2,diger,1344054.7079999999,-8157181.243,1388420.1820999994,8086681.7684,-2661975.4155,0.0
2018-Q2,NET_BORCLANMA(NL),15368968.183100002,-413912.76800000295,14924818.854900016,-55693483.89339999,20775287.553099997,-5038322.070299979
2018-Q3,altin_sdr,0.0,0.0,0.0,-23193215.056,0.0,-23193215.056
2018-Q3,para_mevduat,7852012.9756000005,-15141019.1662,-44096921.5808,127688188.5147,-76302260.7434,-0.00010000169277191162
2018-Q3,borclanma_senedi,-3246080.5192,-4620021.719099999,36871882.979399994,-121609505.61459999,92603724.8736,0.00010001659393310547
2018-Q3,kredi,64136508.13209999,118630370.20560001,-138932540.82819998,13241512.390399998,-57075849.9,-9.997189044952393e-05
2018-Q3,hisse_ozkaynak,-6082923.9782,-2750441.3856,5465460.8854,1434046.351999998,1933858.1264,-2.3283064365386963e-09
2018-Q3,sigorta_emeklilik,2502381.7077,670671.5009,-3278616.9641,105563.7556,0.0,0.00010000003385357559
2018-Q3,turev,66211.3502,-2457751.5507,12638627.128699996,0.0,-10247086.928200003,-7.450580596923828e-09
2018-Q3,diger,2507899.3701,4958987.887399999,5893384.6724,2083012.9013,-15443284.8312,-1.862645149230957e-09
2018-Q3,NET_BORCLANMA(NL),67736009.0383,99290795.7723,-125438723.7072,-250396.75659999624,-64530899.40279999,-23193215.055999935
2018-Q4,altin_sdr,0.0,0.0,0.0,5356781.4288,0.0,5356781.4288
2018-Q4,para_mevduat,37964136.347399995,7800869.5423,-50845886.443,58814250.4016,-53733369.8485,-0.00020000338554382324
2018-Q4,borclanma_senedi,951268.6599000001,-2246461.9995,35228308.1341,-71134655.5059,37201540.7113,-9.99942421913147e-05
2018-Q4,kredi,11881974.9419,-11671385.1959,82216210.0839,-47954775.3299,-34472024.5,0.0
2018-Q4,hisse_ozkaynak,-3666224.3849000004,1527292.5013000001,-6756498.6280000005,1222266.3522000015,7673164.1594,9.313225746154785e-10
2018-Q4,sigorta_emeklilik,1934115.1338,2316579.0723,-1065886.8531,-3184807.353,0.0,0.0
2018-Q4,turev,98054.86529999999,2313159.3531000004,-18017556.218000002,0.0,15606341.999600004,3.725290298461914e-09
2018-Q4,diger,512223.7501,18081361.0276,-6034985.3286999995,10469019.4997,-23027618.9486,0.00010000169277191162
2018-Q4,NET_BORCLANMA(NL),49675549.313499995,18121414.301200006,34723704.74719999,-46411920.50649998,-50751966.4268,5356781.428600028
2019-Q1,altin_sdr,0.0,0.0,0.0,1680904.0086,0.0,1680904.0086
2019-Q1,para_mevduat,38278355.076799996,79423217.5319,-140201706.44219998,30942852.1895,-8442718.3561,-9.996816515922546e-05
2019-Q1,borclanma_senedi,14282129.2951,8755816.833800001,-3934023.222699996,-36622975.788499996,17519052.8824,0.00010000541806221008
2019-Q1,kredi,-1487019.1509999998,-11944730.943599999,44525139.9916,-20402009.2972,-10691380.6,-0.000200001522898674
2019-Q1,hisse_ozkaynak,17543172.2898,31007772.168199997,-27497343.9399,-29107224.24170001,8053623.7236,-1.1175870895385742e-08
2019-Q1,sigorta_emeklilik,5426076.3858,1176004.8744,-6733535.3914,131454.1312,0.0,2.9103830456733704e-10
2019-Q1,turev,-12790.4544,-454727.5435,12594446.509300001,0.0,-12126928.511500001,-9.999983012676239e-05
2019-Q1,diger,99879.8759999997,3857647.1577999983,-4492960.865599999,-25490952.4437,26026385.926799998,-0.34870000556111336
2019-Q1,NET_BORCLANMA(NL),74129803.3181,111821000.079,-125739983.36089996,-78867951.4418,20338035.065199994,1680903.6596000344
2019-Q2,altin_sdr,0.0,0.0,0.0,2740130.487,0.0,2740130.487
2019-Q2,para_mevduat,55755521.8191,-16978373.9745,21609767.9713,-71637970.4804,11251054.6645,1.862645149230957e-09
2019-Q2,borclanma_senedi,8986172.223399999,17036515.0823,59124842.5892,-55567560.9351,-29579968.9599,-0.00010000169277191162
2019-Q2,kredi,-5269052.263499999,-121894971.5833,111191856.48090002,38091250.665800005,-22119083.3,-9.997561573982239e-05
2019-Q2,hisse_ozkaynak,3803239.2901999997,7553529.6513,-8773381.0287,748213.3273999989,-3331601.2401,9.999983012676239e-05
2019-Q2,sigorta_emeklilik,3285123.3146,1385956.7503,-4655467.4021,-15612.6629,0.0,-9.999995018006302e-05
2019-Q2,turev,27996.0881,2446670.4787000003,-16169769.902,0.0,13695103.3351,-9.999983012676239e-05
2019-Q2,diger,-561229.4859999998,-47467914.094299994,6472944.502,13521708.694200002,28034490.3842,0.00010000169277191162
2019-Q2,NET_BORCLANMA(NL),66027770.9859,-157918587.68949997,168800793.21060002,-72119840.90399998,-2050005.1162,2740130.486800045
2019-Q3,altin_sdr,0.0,0.0,0.0,8491775.8531,0.0,8491775.8531
2019-Q3,para_mevduat,88679764.3899,30938921.6683,-104540390.1166,-4100157.4377000034,-10978138.503899999,-7.450580596923828e-09
2019-Q3,borclanma_senedi,-5835091.3448,-1740022.1400000001,41377414.770399995,-18539236.061699998,-15263065.224100001,-0.0002000071108341217
2019-Q3,kredi,-27038091.0005,-126212773.8296,216347576.3148,-35669520.4247,-27427191.060000002,-7.450580596923828e-09
2019-Q3,hisse_ozkaynak,-6477161.781300001,46807286.1547,-12118311.2659,-29517008.2315,1305195.1241000006,0.00010000262409448624
2019-Q3,sigorta_emeklilik,-3282642.5583,287054.6667,2560951.8299,434636.0618,0.0,9.999959729611874e-05
2019-Q3,turev,50844.5052,-3275671.0401999997,-7438901.1954,0.0,10663727.7303,-9.999983012676239e-05
2019-Q3,diger,272627.8659999999,10758256.493900001,-11396859.725599999,1387869.7828000006,-1021894.4172,-9.999657049775124e-05
2019-Q3,NET_BORCLANMA(NL),46370250.07619999,-42436948.026200004,124791480.61159998,-77511640.45789999,-42721366.35080001,8491775.85290002
2019-Q4,altin_sdr,0.0,0.0,0.0,4110723.8204,0.0,4110723.8204
2019-Q4,para_mevduat,57453250.7604,58380606.0697,-133287871.85190001,-9552369.3234,27006384.345200002,-7.450580596923828e-09
2019-Q4,borclanma_senedi,-4111592.3823999995,-3202103.1919,59159605.523399994,-37455535.8951,-14390374.054000001,-3.725290298461914e-09
2019-Q4,kredi,-47683486.7401,127727169.94270001,-8175601.343600001,-29181921.619099997,-42686160.24,-9.998679161071777e-05
2019-Q4,hisse_ozkaynak,8599562.7277,-1111291.2538,-13036873.2804,6810503.752600014,-1261901.9460000005,0.00010001379996538162
2019-Q4,sigorta_emeklilik,8984588.9064,1601958.5139,-8085216.8954,-2501330.525,0.0,-9.999843314290047e-05
2019-Q4,turev,-113277.9498,4534887.0684,4713975.446,-0.0007000000000000001,-9135584.5638,0.00010000169277191162
2019-Q4,diger,1934889.1003,-27538752.3085,9455618.5954,13882652.774400001,2265591.8384000007,1.862645149230957e-09
2019-Q4,NET_BORCLANMA(NL),25063934.422500003,160392474.84050003,-89256363.80650002,-53887277.01589998,-38202044.62019999,4110723.8203999996
2020-Q1,altin_sdr,0.0,0.0,0.0,15863265.197,0.0,15863265.197
2020-Q1,para_mevduat,127582186.0344,90720417.2503,-244867470.1968,-108912808.84979999,135477675.762,0.00010001659393310547
2020-Q1,borclanma_senedi,2553750.6015,4203247.0044,83261504.51380001,-53349554.1036,-36668948.016,0.00010000914335250854
2020-Q1,kredi,-41357588.89569999,-205822882.2658,190204350.5922,81592183.36919999,-24616062.8,-9.997561573982239e-05
2020-Q1,hisse_ozkaynak,45203310.0822,24961905.0548,-33624940.6012,-27400157.5518,-9140116.984000001,-7.450580596923828e-09
2020-Q1,sigorta_emeklilik,13907232.1312,1847143.6297,-16514056.2482,759680.4872,0.0,-9.999924805015326e-05
2020-Q1,turev,-994268.7435000001,-1962519.3383,3999443.9427999984,-209070.3014,-833585.5596000003,-1.6298145055770874e-09
2020-Q1,diger,546853.3747999999,6559286.831900002,21179897.108700003,-33077043.9642,4791006.648800001,3.725290298461914e-09
2020-Q1,NET_BORCLANMA(NL),147441474.58490002,-79493401.83299997,3638729.111300014,-124733505.71740001,69009969.05119999,15863265.197000086
2020-Q2,altin_sdr,0.0,0.0,0.0,31982828.0575,0.0,31982828.0575
2020-Q2,para_mevduat,113584778.64320001,97584673.281,-127860603.92579998,-28890798.155500002,-54418049.843,-9.998679161071777e-05
2020-Q2,borclanma_senedi,9593903.7902,19081029.599099997,118444104.58119999,-243799561.2906,96680523.32,-0.00010001659393310547
2020-Q2,kredi,-76024024.865,-207501490.7357,160468729.29840004,137931809.8024,-14875023.5,0.00010001659393310547
2020-Q2,hisse_ozkaynak,-12588792.316,48708167.844,-24202639.916500002,-134863.29150000002,-11781872.32,-5.587935447692871e-09
2020-Q2,sigorta_emeklilik,7570312.3767,883114.3158,-8107923.426,-345503.2664,0.0,9.999895701184869e-05
2020-Q2,turev,-52958.653399999996,1283270.5981,-1345142.5038,-39747.654899999965,154578.21389999986,-0.00010000006295740604
2020-Q2,diger,1125149.2222000002,-4485072.234999999,-35298575.5899,25572943.422999997,13085555.179700002,-3.725290298461914e-09
2020-Q2,NET_BORCLANMA(NL),43208368.19790002,-44446307.33270002,82097948.51760009,-77722892.37600002,28845711.050599992,31982828.057400078
2020-Q3,altin_sdr,0.0,0.0,0.0,1577509.5558,0.0,1577509.5558
2020-Q3,para_mevduat,38934932.4458,992038.7722,-56973036.027899995,8726275.192100003,8319789.6178,1.0244548320770264e-08
2020-Q3,borclanma_senedi,-14144743.7804,-6826547.953500001,122174692.9981,-149018704.37620002,47815303.112,-1.4901161193847656e-08
2020-Q3,kredi,-104252068.1752,-3443253.7133,82755927.88430001,34911288.704,-9971894.7,-0.00019999220967292786
2020-Q3,hisse_ozkaynak,-13088673.6633,-4034906.6072,25591246.7867,968638.5957000001,-9436305.112,-0.00010000169277191162
2020-Q3,sigorta_emeklilik,6198685.558,1166210.6472,-7925115.9214,560219.7162,0.0,-5.820766091346741e-10
2020-Q3,turev,262385.2672,-4065994.5488,8376696.0587,-188194.75569999998,-4384892.0214,9.313225746154785e-10
2020-Q3,diger,2173562.0953,35750697.1785,-10220364.495999997,-5695938.0117,-22007956.7662,-9.999796748161316e-05
2020-Q3,NET_BORCLANMA(NL),-83915920.25259998,19538243.775099996,163780047.2825,-108158905.37980002,10334044.130199999,1577509.555399999
2020-Q4,altin_sdr,0.0,0.0,0.0,11397880.8246,0.0,11397880.8246
2020-Q4,para_mevduat,72430335.5457,50616138.6475,-5522287.711500004,-44619144.317999996,-72905042.1637,-1.4901161193847656e-08
2020-Q4,borclanma_senedi,565420.1926000001,-22228392.3214,13621320.2265,-34256822.0807,42298473.983,0.0
2020-Q4,kredi,-26528540.9374,-54957729.9253,38281225.12990001,28861621.7328,14343424.0,7.450580596923828e-09
2020-Q4,hisse_ozkaynak,-39661227.1012,6226469.0241,25073265.590499997,-2533061.5305,10894554.017,-0.00010000355541706085
2020-Q4,sigorta_emeklilik,11579906.8108,1877360.8915,-7683778.1223,-5773489.58,0.0,-9.313225746154785e-10
2020-Q4,turev,2418.8797000000004,941068.8411000001,-8237311.0767,-1337149.3554999998,8630972.7115,9.999983012676239e-05
2020-Q4,diger,-4088928.4978,-33566519.7862,3215944.2653,48894058.1498,-14454554.131099999,0.0
2020-Q4,NET_BORCLANMA(NL),14299384.8924,-51091604.6287,58748378.30170001,633893.8425000086,-11192171.583299994,11397880.82460004
2021-Q1,altin_sdr,0.0,0.0,0.0,-983018.6811,983018.681,-0.00010000006295740604
2021-Q1,para_mevduat,3595751.1122999997,-16461257.329,68642731.74079998,-23814747.845,-31962477.678999998,9.997934103012085e-05
2021-Q1,borclanma_senedi,-3786123.7527,-3439033.3138,37030171.927300006,-41625572.4888,11820557.628,9.313225746154785e-09
2021-Q1,kredi,-32139252.7745,-40839156.6156,16859964.5604,63128156.72959999,-7009711.9,-0.00010001100599765778
2021-Q1,hisse_ozkaynak,31841067.422800004,506309.78670000006,-25616965.4054,4595003.824,-11325415.627999999,0.00010000541806221008
2021-Q1,sigorta_emeklilik,4211124.7069,2954523.4043,-7785271.9181,619623.8069,0.0,-1.1641532182693481e-09
2021-Q1,turev,-122032.9727,-690979.8328,24524125.1512,330462.0532,-24041574.399,-0.00010000169277191162
2021-Q1,diger,3818297.1169,45435849.4909,-67351889.4043,-12439332.72,30537075.5166,9.999796748161316e-05
2021-Q1,NET_BORCLANMA(NL),7418830.859000005,-12533744.409299992,46302866.65189996,-10189425.321200006,-30998527.780399993,-2.9802322387695312e-08
2021-Q2,altin_sdr,0.0,0.0,0.0,-1055288.4911,1055288.4911,0.0
2021-Q2,para_mevduat,137840444.8104,16331025.0132,-95383680.2135,21896671.53679999,-80684461.147,-0.00010000169277191162
2021-Q2,borclanma_senedi,2131319.1128000002,-22110934.6275,70111227.7819,-55994769.28129999,5863157.014,-9.999237954616547e-05
2021-Q2,kredi,-30799917.4694,-56889738.9637,117233419.5372,-39443161.7542,9899398.65,-9.999237954616547e-05
2021-Q2,hisse_ozkaynak,7646179.6465,7404699.3453,-15819342.8409,-272860.137,1041323.9859999996,-0.0001000015763565898
2021-Q2,sigorta_emeklilik,5609231.9879,1054034.3069,-7043368.2665,380101.9716,0.0,-9.999965550377965e-05
2021-Q2,turev,-19776.1446,3311182.0338000003,-11538447.433999998,-1297416.1498,9544457.6947,0.00010000169277191162
2021-Q2,diger,1598702.5833,-28990915.57980001,-8219380.873,37751977.7746,-2140383.905000001,9.998679161071777e-05
2021-Q2,NET_BORCLANMA(NL),124006184.52690001,-79890648.4718,49340427.69120003,-38034744.53040001,-55421219.216199994,-0.00029996782541275024
2021-Q3,altin_sdr,0.0,0.0,0.0,-11993661.029799998,11993661.029799998,0.0
2021-Q3,para_mevduat,102087206.6749,99735716.4486,-27750519.27270001,37967052.64159998,-212039456.4925,-0.00010004639625549316
2021-Q3,borclanma_senedi,10585172.7784,8298180.738299999,49520885.3322,-73126075.5819,4721836.733,-1.0244548320770264e-08
2021-Q3,kredi,-52538081.9054,-75697809.8696,138453424.1197,13164351.655199999,-23381884.0,-9.99942421913147e-05
2021-Q3,hisse_ozkaynak,-24702099.5051,18794979.958,-13824091.204799999,-5726686.5150999995,25457897.267,3.725290298461914e-09
2021-Q3,sigorta_emeklilik,4605547.4657,1496178.2714,-6642707.4683,540981.7312,0.0,-2.3283064365386963e-10
2021-Q3,turev,-314186.25580000004,581435.4067,887966.9519000001,-526050.6832999999,-629165.4195000001,0.0
2021-Q3,diger,2835030.1632,17576943.006,-15051139.003199998,5610719.162600003,-10971553.328699999,-9.99942421913147e-05
2021-Q3,NET_BORCLANMA(NL),42558589.41589999,70785623.9594,125593819.4548,-34089368.61950001,-204848664.2109,-0.00030003488063812256
2021-Q4,altin_sdr,0.0,0.0,0.0,-22190874.6919,22190874.6919,0.0
2021-Q4,para_mevduat,83053776.4023,72573542.8998,169558407.0179,-399439278.3205,74253552.00039999,-0.00010003149509429932
2021-Q4,borclanma_senedi,476655.92949999997,1079642.2121000001,111834788.1591,-25572559.005799998,-87818527.295,-0.00010000169277191162
2021-Q4,kredi,-52990397.943,-196691769.72739998,-11559400.96629998,250325547.1367,10916021.5,5.960464477539063e-08
2021-Q4,hisse_ozkaynak,25785962.0482,-26213023.412399996,6506727.597999997,7301928.4712,-13381594.704999998,3.725290298461914e-09
2021-Q4,sigorta_emeklilik,24009055.1735,4260118.8306,-23162279.33,-5106894.6742,0.0,-9.999610483646393e-05
2021-Q4,turev,-943869.378,-764326.9609999992,19981961.860299997,-671203.3605,-17602562.1608,0.0
2021-Q4,diger,3493762.9749,-38198521.2536,-42337042.585599996,9974082.077900007,67067718.7865,0.00010000914335250854
2021-Q4,NET_BORCLANMA(NL),82884945.2074,-183954337.41189998,230823161.75340003,-185379252.36710003,55625482.81799999,-0.00019997358322143555
2022-Q1,altin_sdr,0.0,0.0,0.0,18710934.3187,-18710934.3187,0.0
2022-Q1,para_mevduat,110368792.8282,106389284.5789,-339759553.7675,-2358562.022500012,125360038.3828,-0.00010000169277191162
2022-Q1,borclanma_senedi,13153081.7456,-1855616.9905,314716605.71419996,-254596059.7862,-71418010.683,9.998679161071777e-05
2022-Q1,kredi,-54671737.0688,-332769434.74909997,551573554.8264,-182150435.53860003,18018052.53,-9.992718696594238e-05
2022-Q1,hisse_ozkaynak,-36636878.9523,130807780.39539999,-75145720.98359999,4704051.8574,-23729232.317,-0.00010000169277191162
2022-Q1,sigorta_emeklilik,15744700.7356,7215553.453,-22488702.1204,-471552.0681,0.0,9.999965550377965e-05
2022-Q1,turev,322217.5086,-1265941.0278999992,28561.433300001547,370237.1135,544924.9725000001,2.561137080192566e-09
2022-Q1,diger,-188722.04020000063,-93296367.54040001,17221851.777100004,49609281.0889,26653956.714700002,0.00010000541806221008
2022-Q1,NET_BORCLANMA(NL),48091454.756699994,-184774741.88059998,446146596.8795001,-366182105.03690004,56718795.2813,-1.1920928955078125e-07
2022-Q2,altin_sdr,0.0,0.0,0.0,23773968.3083,-23773968.3083,0.0
2022-Q2,para_mevduat,204252202.64159998,164482155.1727,-16144457.566800028,-445678420.49280006,93088520.2454,9.988248348236084e-05
2022-Q2,borclanma_senedi,8158584.5625,3868142.6826,293258289.0491,-202768500.10819998,-102516516.186,1.4901161193847656e-08
2022-Q2,kredi,-169318835.78419998,-402418306.4313,302456560.53290004,282482299.0627,-13201717.379999999,0.00010001286864280701
2022-Q2,hisse_ozkaynak,-20509891.5792,108382835.4063,-66712762.488000005,-5083413.525,-16076767.814,9.9988654255867e-05
2022-Q2,sigorta_emeklilik,14361228.2363,7172242.609,-22651226.7002,1117755.8549,0.0,1.1641532182693481e-09
2022-Q2,turev,-975830.4770000001,2998745.2150000003,7076658.4980999995,-2501003.8268999998,-6598569.4092999995,-9.999983012676239e-05
2022-Q2,diger,3554098.7715999987,-1312473.4420999885,-25529834.3468,34656868.9815,-11368659.964300007,-9.99942421913147e-05
2022-Q2,NET_BORCLANMA(NL),39521556.3716,-116826658.78779997,471753226.97830003,-314000445.7455,-80447678.81650001,9.995698928833008e-05
2022-Q3,altin_sdr,0.0,0.0,0.0,30205961.9139,-30205961.9139,0.0
2022-Q3,para_mevduat,332478181.40749997,362933293.5302,-725673501.0314,289556376.8152,-259294350.7216,-9.995698928833008e-05
2022-Q3,borclanma_senedi,8724624.617800001,-17050774.879,189876799.2974,-119566193.1142,-61984455.922,-7.450580596923828e-09
2022-Q3,kredi,-119002827.74159999,-388623585.91290003,791135936.9788,-370219569.53429997,86710046.21,7.450580596923828e-08
2022-Q3,hisse_ozkaynak,-29598718.809600003,52838493.8439,-47734731.4187,20975766.4624,3519189.9219999984,-3.725290298461914e-09
2022-Q3,sigorta_emeklilik,15598415.009,9648714.5314,-26525416.8077,1278287.2673,0.0,-2.3283064365386963e-09
2022-Q3,turev,-915136.0114,-1328558.0799000002,17145062.1769,-462298.3443,-14439069.7414,-9.999983012676239e-05
2022-Q3,diger,16701028.3877,-87630195.3161,-13165307.320299998,28601423.3888,55493050.859799996,-0.00010000169277191162
2022-Q3,NET_BORCLANMA(NL),223985566.85939997,-69212612.28240003,185058841.8750001,-119630245.14519998,-220201551.30710003,-0.0003001093864440918
2022-Q4,altin_sdr,0.0,0.0,0.0,52391549.4573,-52391549.4573,0.0
2022-Q4,para_mevduat,207970743.1002,313843609.8872,-793439022.1206001,190729129.3752,80895539.7581,9.989738464355469e-05
2022-Q4,borclanma_senedi,4431226.0282000005,-31513180.9126,251620429.5466,-265898382.7903,41359908.128,-0.00010000914335250854
2022-Q4,kredi,-190935966.2573,-402905870.2422,685848892.1654999,-72911985.9158,-19095069.75,0.00019988417625427246
2022-Q4,hisse_ozkaynak,160443743.1838,-109153873.94029999,-35033262.64310001,-11282262.4722,-4974344.127999999,0.00020001642405986786
2022-Q4,sigorta_emeklilik,44653665.488,16977488.9105,-50287282.7908,-11343871.6077,0.0,-1.862645149230957e-09
2022-Q4,turev,-73722.57029999999,-7000934.196800001,9404977.779,-2534441.0335000004,204120.02160000056,-1.3969838619232178e-09
2022-Q4,diger,1927820.6926999995,122844135.38749999,49131676.475899994,-119317100.6302,-54586531.9258,9.997934103012085e-05
2022-Q4,NET_BORCLANMA(NL),228417509.6653,-96908625.10669999,117246408.4124998,-240167365.6172,-8587927.3534,0.0004999637603759766
2023-Q1,altin_sdr,0.0,0.0,0.0,37087062.7684,-37087062.7685,-0.00010000169277191162
2023-Q1,para_mevduat,562935978.5442,44008481.5139,-877775667.8822001,-206533.42159998417,271037741.2457,-1.1920928955078125e-07
2023-Q1,borclanma_senedi,20222117.447,10777045.3452,450913615.9356,-470956067.4108,-10956711.317,3.166496753692627e-08
2023-Q1,kredi,-366741342.4707,-564514416.9811001,779158460.7399001,136325040.5719,15772258.14,1.4901161193847656e-08
2023-Q1,hisse_ozkaynak,-22671072.1599,256456728.0624,-196977293.8315,-8548107.388,-28260254.683,1.1175870895385742e-08
2023-Q1,sigorta_emeklilik,34728236.3763,20016385.8036,-54928281.6506,183659.4707,0.0,-3.2014213502407074e-09
2023-Q1,turev,-1562522.489,-318499.5569999999,-20522389.928400002,-385232.26340000005,22788644.2379,9.999796748161316e-05
2023-Q1,diger,8062204.263799999,-51344211.94820001,9033012.805399999,-17434407.35710001,51683402.2362,9.997934103012085e-05
2023-Q1,NET_BORCLANMA(NL),234973599.51169994,-284918487.7612002,88901456.18820003,-323934585.02989995,284978017.0913,0.00010001659393310547
2023-Q2,altin_sdr,0.0,0.0,0.0,-183868574.6106,183868574.6107,0.00010001659393310547
2023-Q2,para_mevduat,603721177.4949,32209068.5155,-985070319.3101001,173160720.03530002,175979353.2646,0.00019988417625427246
2023-Q2,borclanma_senedi,18943167.3919,21917283.354199998,228444930.3933,-279075091.7093,9769710.57,0.00010002404451370239
2023-Q2,kredi,-331245752.2048,-330738144.5803,752570132.6597999,-82652485.27469999,-7933750.6,-3.5390257835388184e-08
2023-Q2,hisse_ozkaynak,86919394.9349,-45461227.793000005,-57266214.71259999,770650.1405999999,15037397.43,-9.999796748161316e-05
2023-Q2,sigorta_emeklilik,43814494.2421,16516499.6616,-61854780.4168,1523786.5131,0.0,1.862645149230957e-09
2023-Q2,turev,1625187.3927,33389903.831599995,-52636610.4912,-2419738.8973,20041258.1642,-3.725290298461914e-09
2023-Q2,diger,-63509396.56439999,-290037193.78620005,10432418.741900027,312585140.1628,30529031.446000002,0.00010003894567489624
2023-Q2,NET_BORCLANMA(NL),360268272.68729997,-562203810.7966,-165380443.13570017,-59975593.64009994,427291574.8855001,0.0003998875617980957
2023-Q3,altin_sdr,0.0,0.0,0.0,9220694.5667,-9220694.5666,9.999983012676239e-05
2023-Q3,para_mevduat,644775577.4716,561140420.1867,-365782270.53970003,-502193872.53909993,-337939854.57949996,0.0
2023-Q3,borclanma_senedi,-26890997.0032,-35757698.4415,404156590.57670003,-413903626.198,72395731.066,1.4901161193847656e-08
2023-Q3,kredi,-269707345.2428,-430287639.5946,601197897.0688,-24496360.081299998,123293447.85,0.00010001659393310547
2023-Q3,hisse_ozkaynak,210725393.8847,-191354694.9598,-11840375.537400007,10422881.6785,-17953205.066,-1.1175870895385742e-08
2023-Q3,sigorta_emeklilik,30763556.7756,16256550.4867,-50094432.6718,3074325.4096,0.0,9.999703615903854e-05
2023-Q3,turev,-1868696.7645999999,-23755955.3173,11890223.834200002,626192.0944999999,13108236.153100003,-9.999610483646393e-05
2023-Q3,diger,85258146.8502,-381015058.474,-87823493.15679999,344043887.5028,39536517.277799994,2.9802322387695312e-08
2023-Q3,NET_BORCLANMA(NL),673055635.9715002,-484774076.11380005,501704139.57399994,-573205877.5662999,-116779821.86519998,0.00020015239715576172
2023-Q4,altin_sdr,0.0,0.0,0.0,94378313.0807,-94378313.08070001,-1.4901161193847656e-08
2023-Q4,para_mevduat,504733622.2055,368105765.2702,-1046488693.8302999,342177236.9734,-168527930.61879998,1.7881393432617188e-07
2023-Q4,borclanma_senedi,20694418.7871,-25069226.3277,323751786.6673,-473048581.9837,153671602.857,0.0
2023-Q4,kredi,-308244786.4655,-494741817.17080003,1068331797.2624,-451404914.1261,186059720.5,-5.960464477539063e-08
2023-Q4,hisse_ozkaynak,43425631.94199999,63549513.4985,-161810825.3543,-420160.2292,55255840.143,0.0
2023-Q4,sigorta_emeklilik,77451657.9143,25392599.762,-84287893.0405,-18556364.6357,0.0,9.999051690101624e-05
2023-Q4,turev,646365.1050999999,-11203016.096099999,20273517.258199997,-4765411.3482,-4951454.919000001,-1.862645149230957e-09
2023-Q4,diger,47172008.692,-80576195.57100001,16072432.372600004,49282327.195500016,-31950572.6892,-9.998679161071777e-05
2023-Q4,NET_BORCLANMA(NL),385878918.18050003,-154542376.63490003,135842121.33540004,-462357555.0733,95178892.19229999,1.1920928955078125e-07
2024-Q1,altin_sdr,0.0,0.0,0.0,81386753.1626,-81386753.1626,0.0
2024-Q1,para_mevduat,403691597.7145,-44718794.222,67104551.766699955,-1365064663.4896,938987308.2305001,0.00010013580322265625
2024-Q1,borclanma_senedi,12633918.5933,-21319496.361,434619547.28370005,-256757583.02809998,-169176386.488,-9.995698928833008e-05
2024-Q1,kredi,-361328187.54179996,-692228207.4473,327313857.90190005,682893776.5872,43348760.5,1.1920928955078125e-07
2024-Q1,hisse_ozkaynak,137862153.9479,309616150.9448,-460718821.02099997,23081488.1282,-9840972.0,-9.995326399803162e-05
2024-Q1,sigorta_emeklilik,82303768.5487,31095261.9985,-107385413.4275,-6013617.1197,0.0,1.4901161193847656e-08
2024-Q1,turev,-946708.5802,-1413423.4723,23434830.068899997,-3376594.2071,-17698103.809299998,-3.725290298461914e-09
2024-Q1,diger,12960004.454099998,-138465.52880001068,-21673377.5291,159439101.5533,-150587262.9493,0.00019997358322143555
2024-Q1,NET_BORCLANMA(NL),287176547.1365,-419106974.0881,262695175.04360008,-684411338.4131999,553646590.3213,0.00010085105895996094
2024-Q2,altin_sdr,0.0,0.0,0.0,21976299.933,-21976299.933,0.0
2024-Q2,para_mevduat,718620058.8242,186374675.7286,-399971618.93069994,72504922.65540004,-577528038.2774999,2.384185791015625e-07
2024-Q2,borclanma_senedi,6351798.3822,-25967832.688500002,-6560628.7236,-354909015.6332,381085678.663,-0.00010001659393310547
2024-Q2,kredi,-221985286.7287,-760649362.7742001,800312268.4684,-80557295.8655,262879676.9,-1.1920928955078125e-07
2024-Q2,hisse_ozkaynak,304892890.23310006,-31334689.298099995,-232754982.68980002,5461840.2094,-46265058.0,0.4546000361442566
2024-Q2,sigorta_emeklilik,59093826.5458,16739777.4637,-78145049.2665,2311445.257,0.0,9.313225746154785e-10
2024-Q2,turev,-3488114.8941,-4056595.9473,-50180377.4741,258477.5851,57466610.730399996,0.0
2024-Q2,diger,41623048.1086,483984086.52070004,153778492.1089,-698152998.0871999,18767371.751599997,0.40260013937950134
2024-Q2,NET_BORCLANMA(NL),905108220.4711001,-134909940.99510008,186478103.49260002,-1031106323.9459999,74429941.83450007,0.8571004867553711
2024-Q3,altin_sdr,0.0,0.0,0.0,-79987682.1179,79987682.118,0.00010000169277191162
2024-Q3,para_mevduat,498654910.2306,219698173.4996,-734892905.7652,-48298384.04380001,64838206.07879999,1.4901161193847656e-08
2024-Q3,borclanma_senedi,13361977.9967,-59940278.652499996,480952200.9375,-350883059.0956,-83490841.18599999,0.00010001659393310547
2024-Q3,kredi,-305012574.06389993,-754918346.2260001,1494667241.2461,-552747178.3563,118010857.4,-0.00010010600090026855
2024-Q3,hisse_ozkaynak,451394782.5635,1371007486.4566,-683801057.3129,-12645414.2725,-1125955797.4348,-9.989738464355469e-05
2024-Q3,sigorta_emeklilik,47666948.863,26248685.5585,-80755550.8121,6839916.3906,0.0,3.725290298461914e-09
2024-Q3,turev,-2960851.2066,-10699970.4666,30081244.4442,-340886.0087,-16079536.762299998,3.725290298461914e-09
2024-Q3,diger,34488155.941599995,-70811825.36470002,-184832325.71639997,224034612.26639998,-2878617.401900001,-0.2750000134110451
2024-Q3,NET_BORCLANMA(NL),737593350.3249,720583924.8048999,321418847.0211998,-814028075.2378001,-965568047.1882,-0.2749999761581421
2024-Q4,altin_sdr,0.0,0.0,0.0,68740354.5806,-68740354.5805,9.998679161071777e-05
2024-Q4,para_mevduat,402110664.7852,358306053.8507,-335668924.6877,-627449895.5775,202702101.6293,5.960464477539063e-08
2024-Q4,borclanma_senedi,-18965495.6074,-62834008.08760001,481167316.5835999,-354160727.0246,-45207085.86399999,-8.940696716308594e-08
2024-Q4,kredi,-406254619.43170005,-797706600.5701,981531621.8412001,-127643492.0993,350073090.26,0.00010001659393310547
2024-Q4,hisse_ozkaynak,336836110.1195,25704739.69689998,-419842282.1968,48555186.0638,8746246.316600002,-5.960464477539063e-08
2024-Q4,sigorta_emeklilik,123367939.0119,41373193.2392,-129287830.4224,-35453301.8287,0.0,7.450580596923828e-09
2024-Q4,turev,1104381.2157,21878674.0114,-43740955.0062,342167.993,20415731.7861,0.0
2024-Q4,diger,33191041.2338,-641954231.7805,63105918.139699996,423550804.4804,122106467.6517,-0.27490003407001495
2024-Q4,NET_BORCLANMA(NL),471390021.32699996,-1055232179.64,597264864.2513999,-603518903.4123,590096197.1992,-0.27470019459724426
2025-Q1,altin_sdr,0.0,0.0,0.0,7684556.8787,-7684556.878699999,9.313225746154785e-10
2025-Q1,para_mevduat,1044427476.3106,221888877.2392,46675972.84399992,-1554237412.9004,241245086.50660002,-1.1920928955078125e-07
2025-Q1,borclanma_senedi,41541839.6444,-25173705.9587,528561609.37890005,-664013325.3395,119083582.275,0.00010004639625549316
2025-Q1,kredi,-326482826.68219995,-1015980502.9867,54888208.46849996,820588431.4376001,466986689.7628,0.0
2025-Q1,hisse_ozkaynak,111700814.93519999,334229067.9031,-109680685.09899999,-292502958.2332,-43746239.5071,-0.0010000020265579224
2025-Q1,sigorta_emeklilik,92685744.1946,52003693.3202,-159028812.8468,14339375.3319,0.0,-9.998679161071777e-05
2025-Q1,turev,-1687892.4171000002,-18431537.5919,69214908.28040001,-3220049.2874000072,-45875428.9842,-0.00020000338554382324
2025-Q1,diger,11267586.4775,78055838.34549999,-162485307.5347,124826226.93399999,-51664344.4973,-0.27500003576278687
2025-Q1,NET_BORCLANMA(NL),973452742.463,-373408269.72929996,268145893.4912998,-1546535155.1782997,678344788.6771,-0.276200532913208
2025-Q2,altin_sdr,0.0,0.0,0.0,80360322.0685,-80360322.0686,-0.00010000169277191162
2025-Q2,para_mevduat,217506881.5016,-58129359.6411,-935549141.2119999,698743642.1982,77427977.1533,7.450580596923828e-08
2025-Q2,borclanma_senedi,76061636.8926,2891304.5249999985,566520925.9733001,-988792459.5839,343318592.193,1.7881393432617188e-07
2025-Q2,kredi,-550479540.7833,-1078642921.8688,1279601546.1766,222983907.82050002,126537008.655,-8.940696716308594e-08
2025-Q2,hisse_ozkaynak,443977972.5115,214118201.6025,-627322659.1273,-49326864.9868,18553350.0,-0.00010006129741668701
2025-Q2,sigorta_emeklilik,76104842.2427,27746957.0612,-104103453.9928,251654.689,0.0,0.00010000611655414104
2025-Q2,turev,233787.4775,-19763580.5578,-78075514.5955,94633.37039999664,97510674.3054,-1.4901161193847656e-08
2025-Q2,diger,46499286.67310001,-261658435.5144,42297579.4526,81250103.00960001,91611466.1041,-0.2749999910593033
2025-Q2,NET_BORCLANMA(NL),309904866.51569986,-1173437834.3933997,143369282.67490005,45564938.585500084,674598746.3422,-0.275099515914917
2025-Q3,altin_sdr,0.0,0.0,0.0,44987262.1828,-44987262.1828,0.0
2025-Q3,para_mevduat,353891158.3307,597752431.3069,-58089063.944699764,-833408780.2063,-60145745.48650001,0.0001001507043838501
2025-Q3,borclanma_senedi,145586603.0414,-1337075.5373000056,535516279.37370014,-335064559.9524001,-344701246.92550004,-0.00010001659393310547
2025-Q3,kredi,-596092712.1404,-1131219906.3013,862043885.7547998,501912171.9869,363356560.7,-1.7881393432617188e-07
2025-Q3,hisse_ozkaynak,455111729.6692,226604011.39420003,-695469492.181,-55379590.8825,69133342.0,-9.995698928833008e-05
2025-Q3,sigorta_emeklilik,84258915.4499,22295818.1198,-107221687.441,666953.8712,0.0,-9.999691974371672e-05
2025-Q3,turev,-5624864.329399999,707602.5628,104724519.8309,-72528.16079999995,-99734729.90349999,1.4901161193847656e-08
2025-Q3,diger,49976653.20199999,-88617380.4346,-141814431.68289998,254168686.17679998,-73713527.5362,-0.27490000426769257
2025-Q3,NET_BORCLANMA(NL),487107483.2233998,-373814498.8895001,499690009.70980024,-422190384.98430014,-190792609.33450007,-0.27510011196136475
2025-Q4,altin_sdr,0.0,0.0,0.0,71781188.3856,-71781188.3856,0.0
2025-Q4,para_mevduat,113342913.7417,626969410.1295,-1348383286.9419,403580106.25790006,204490856.8128,1.1920928955078125e-07
2025-Q4,borclanma_senedi,91030487.4352,88368712.50899999,227500924.81149995,-712050886.7341,305150761.9784,-5.960464477539063e-08
2025-Q4,kredi,-675847354.3328999,-1539670342.2635,1766132416.9453,-249618289.84889996,699003569.5,3.5762786865234375e-07
2025-Q4,hisse_ozkaynak,313503519.9565,-69033154.92659998,-304557915.6623,56195967.6324,3891583.0,2.2351741790771484e-08
2025-Q4,sigorta_emeklilik,150784984.8339,46707593.4945,-191817506.906,-5675071.4224,0.0,2.7939677238464355e-08
2025-Q4,turev,-951138.451,6969923.4747,-3507321.3978000004,68492.90390000003,-2579956.5298999995,-9.999983012676239e-05
2025-Q4,diger,9072011.375499994,-270624216.4952,-95790655.60749999,369236266.92990005,-11893406.477699995,-0.2749999165534973
2025-Q4,NET_BORCLANMA(NL),935424.5589000583,-1110312074.0775998,49576655.241300106,-66482225.8956998,1126282219.898,-0.275099515914917
2026-Q1,altin_sdr,0.0,0.0,0.0,-815410656.0954,815410656.0954,0.0
2026-Q1,para_mevduat,565865122.0345,19897510.6242,124079636.33609998,-365199183.7369,-344643085.258,-0.00010001659393310547
2026-Q1,borclanma_senedi,155428148.99069998,26986599.182099998,109041067.78989996,-1224672846.3652,933217030.4026,9.989738464355469e-05
2026-Q1,kredi,-531463041.6607,-1509753894.0495,228698825.2996003,1516484003.5607,296034106.85,0.00010025501251220703
2026-Q1,hisse_ozkaynak,3097659.5045000017,-40737151.7977,251416925.3452,18335194.9474,-232112627.99940002,-2.9802322387695312e-08
2026-Q1,sigorta_emeklilik,100470306.8118,43394252.299,-145984418.9898,2119859.8791,0.0,9.999191388487816e-05
2026-Q1,turev,-12641287.8776,29602778.6701,-157397949.1934,426368.44720000005,140010089.9537,0.0
2026-Q1,diger,-2602630.675400004,13924422.2089,71587966.1722,-200694289.75950003,117784531.7787,-0.2751000374555588
2026-Q1,NET_BORCLANMA(NL),278154277.1277999,-1416685482.8628998,481442052.7598002,-1068611549.1226001,1725700701.8230002,-0.2748994827270508
