Donem,altin_sdr,para_mevduat,borclanma_senedi,kredi,hisse_ozkaynak,sigorta_emeklilik,turev,diger
2010-Q4,8138466.699999999,-1.1920928955078125e-07,-0.00010001659393310547,-0.2620999813079834,-0.00010007619857788086,-4192696.8776999973,0.0,2.0000999569892883
2011-Q4,18677555.2,-1.1920928955078125e-07,0.0,-0.6016998291015625,0.0,-4776847.0009,0.0,1.9999999403953552
2012-Q4,34297820.0,0.00010013580322265625,0.0,0.10479998588562012,-0.00010001659393310547,-6619893.802700002,0.0,2.000100076198578
2013-Q4,42850276.13,0.38390016555786133,0.0,0.6161997318267822,0.00020003318786621094,0.0,-3.725290298461914e-09,1.999899983406067
2014-Q4,47307178.0,-0.41659998893737793,-0.20099997520446777,0.4165003299713135,1.1920928955078125e-07,0.00010000169277191162,-1.862645149230957e-09,-0.00010001659393310547
2015-Q1,50934356.0,-0.0010004043579101562,0.00010001659393310547,-0.00019979476928710938,0.00010001659393310547,0.0,0.0,-5.960464477539063e-08
2015-Q2,50640300.0,0.12510013580322266,0.0,-0.12620019912719727,0.0,0.0,0.0,-0.00010001659393310547
2015-Q3,55210015.0,0.007600307464599609,0.0,-0.008400440216064453,1.1920928955078125e-07,-0.00010000169277191162,0.0,-5.960464477539063e-08
2015-Q4,51191476.0,0.46850013732910156,0.025500178337097168,-0.48960018157958984,0.0,0.00010000169277191162,0.0,-0.00010001659393310547
2016-Q1,53471236.0,-0.01040029525756836,0.021100163459777832,0.08750009536743164,-1.1920928955078125e-07,1.4901161193847656e-08,0.0,-5.960464477539063e-08
2016-Q2,58206385.0,-0.39859962463378906,0.021000027656555176,0.4758000373840332,0.0,0.0,0.0,5.960464477539063e-08
2016-Q3,56435674.0,0.21850013732910156,0.02110004425048828,-0.14149951934814453,0.00010001659393310547,-0.00010000169277191162,0.0,-0.00010007619857788086
2016-Q4,49449492.0,0.10710000991821289,-9.989738464355469e-05,-0.10690021514892578,-0.00010001659393310547,0.0,0.0,0.00010007619857788086
2017-Q1,62226408.999999985,-0.003100156784057617,-9.989738464355469e-05,-9.965896606445312e-05,9.989738464355469e-05,0.3982999920845032,0.0,-0.00010001659393310547
2017-Q2,64924310.0,-2.384185791015625e-07,-9.989738464355469e-05,0.0,-0.00010013580322265625,0.30970001220703125,0.0,-1.1920928955078125e-07
2017-Q3,73014658.0,-0.003000020980834961,-2.384185791015625e-07,0.00010013580322265625,0.0,0.2695000022649765,0.0,0.0
2017-Q4,89704330.0,0.00010037422180175781,-0.00010013580322265625,0.00010013580322265625,-9.989738464355469e-05,0.4904000014066696,0.0,1.1920928955078125e-07
2018-Q1,101250831.0,0.0029997825622558594,0.00010013580322265625,0.00010013580322265625,0.0,0.0,0.0,-0.00010001659393310547
2018-Q2,105233059.0,0.0029997825622558594,-0.00020003318786621094,-0.00010013580322265625,-9.989738464355469e-05,-0.00010001659393310547,0.0,0.0
2018-Q3,107329868.0,0.006899833679199219,0.00010013580322265625,0.0,-0.00010013580322265625,0.0,0.0,-9.989738464355469e-05
2018-Q4,105904019.0,0.007300376892089844,-0.00010013580322265625,-9.965896606445312e-05,0.0,0.0,0.0,-1.1920928955078125e-07
2019-Q1,115470319.0,0.00010013580322265625,0.00010013580322265625,0.0003008842468261719,0.0,9.998679161071777e-05,0.0,0.0
2019-Q2,131781955.0,4.76837158203125e-07,9.989738464355469e-05,0.00020074844360351562,0.0,0.0,0.0,0.00010001659393310547
2019-Q3,146404108.0,-9.918212890625e-05,9.989738464355469e-05,4.76837158203125e-07,-9.989738464355469e-05,0.0,0.0,1.1920928955078125e-07
2019-Q4,160904576.0,0.00010013580322265625,-2.384185791015625e-07,-0.00010013580322265625,-0.00020003318786621094,0.0,-1.4901161193847656e-08,0.00010001659393310547
2020-Q1,204653067.0,0.0,0.0,9.918212890625e-05,0.0,2.9802322387695312e-08,0.0,-0.00020003318786621094
2020-Q2,267310799.0,-0.00010013580322265625,-0.00010013580322265625,0.0,0.0,9.998679161071777e-05,-0.00010000169277191162,0.0
2020-Q3,326534640.0,0.00010013580322265625,-9.37000036239624,-9.918212890625e-05,0.00010013580322265625,0.00010001659393310547,-1.4901161193847656e-08,0.0
2020-Q4,319703047.0,0.0,-0.031199932098388672,-0.0001010894775390625,0.0,0.00010001659393310547,0.0,0.0
2021-Q1,0.0,-0.00010204315185546875,-0.6807999610900879,9.5367431640625e-07,0.0,0.00010001659393310547,0.0,9.989738464355469e-05
2021-Q2,0.0,0.018898963928222656,-0.5173001289367676,-9.5367431640625e-07,-0.00010013580322265625,-0.00010001659393310547,-0.00010000169277191162,-0.00010013580322265625
2021-Q3,0.0,0.0,0.4017000198364258,-9.5367431640625e-07,0.0,-5.960464477539063e-08,0.0,2.384185791015625e-07
2021-Q4,0.0,-0.03789997100830078,0.17369937896728516,-9.5367431640625e-07,4.76837158203125e-07,5.960464477539063e-08,0.0,0.0
2022-Q1,0.0,0.0,-0.48650026321411133,-0.0001010894775390625,0.0,0.0,0.0,0.00010013580322265625
2022-Q2,0.0,9.72747802734375e-05,-0.25709962844848633,-9.918212890625e-05,0.0,0.0,2.9802322387695312e-08,-0.00010013580322265625
2022-Q3,0.0,-0.0002002716064453125,-1.7935991287231445,-0.0001010894775390625,-9.5367431640625e-07,-0.00010001659393310547,0.0,-0.00010013580322265625
2022-Q4,0.0,0.0002002716064453125,9.5367431640625e-07,0.0,-1.9073486328125e-06,1.1920928955078125e-07,0.0,9.965896606445312e-05
2023-Q1,0.0,9.918212890625e-05,0.0002002716064453125,-0.0001983642578125,0.0,0.0,0.00010001659393310547,9.918212890625e-05
2023-Q2,0.0,0.0001983642578125,-9.5367431640625e-07,9.72747802734375e-05,1.9073486328125e-06,0.00010001659393310547,-0.00010001659393310547,0.0
2023-Q3,0.0,-3.814697265625e-06,0.0,-0.0002002716064453125,-9.918212890625e-05,1.1920928955078125e-07,-0.00010001659393310547,0.00010013580322265625
2023-Q4,0.0,0.0,-0.2538003921508789,-3.814697265625e-06,9.918212890625e-05,-9.989738464355469e-05,0.0,9.918212890625e-05
2024-Q1,0.0,-9.5367431640625e-05,-0.016000747680664062,0.0,9.918212890625e-05,0.0,-0.00010001659393310547,0.0
2024-Q2,0.0,-3.814697265625e-06,0.0,-9.918212890625e-05,9.918212890625e-05,9.989738464355469e-05,-2.9802322387695312e-08,0.00010013580322265625
2024-Q3,0.0,9.918212890625e-05,9.918212890625e-05,9.918212890625e-05,-9.918212890625e-05,0.0,5.960464477539063e-08,0.0
2024-Q4,0.0,9.918212890625e-05,-0.0001010894775390625,-9.918212890625e-05,0.000102996826171875,0.0,0.0,1.9073486328125e-06
2025-Q1,0.0,9.5367431640625e-05,0.0,-3.814697265625e-06,0.0,-0.00010013580322265625,5.960464477539063e-08,-9.72747802734375e-05
2025-Q2,0.0,-0.0001983642578125,1.9073486328125e-06,9.918212890625e-05,0.0,9.965896606445312e-05,0.0,0.0001010894775390625
2025-Q3,0.0,0.0,0.0,-7.62939453125e-06,0.000202178955078125,-4.76837158203125e-07,5.960464477539063e-08,1.9073486328125e-06
2025-Q4,0.0,-9.918212890625e-05,0.0,0.0,0.000102996826171875,0.0,0.0,0.000102996826171875
2026-Q1,0.0,9.918212890625e-05,0.0,9.918212890625e-05,0.0,0.0,9.989738464355469e-05,1.9073486328125e-06
